day,n_raw,n_uni,all_raw,all_uni,pos_all,pos_uni,pos_nonuni,cov_flow,cov_stock,cov_n
2025-03-15,332267,305330,1332664170,1294069112,3782370,3667261,115109,0.9695669646279977,0.9710391718567777,0.9189296559694463
2025-03-28,342152,315987,1384106298,1344454223,3887319,3770936,116383,0.9700608568527563,0.9713518571100382,0.9235281395403213
2025-04-09,352470,325984,1432465331,1391381803,4350073,4156185,193888,0.9554287939535727,0.9713197051887325,0.9248560161148467
2025-05-04,376963,349246,1529210044,1490398548,537665,503922,33743,0.9372415909534747,0.9746199051253419,0.9264728899122726
2025-05-17,394966,366627,1547575755,1511772650,1088979,1030432,58547,0.9462367961181988,0.9768650388297146,0.9282495202118664
2025-05-29,407233,377969,1577321314,1541379340,2193809,2018461,175348,0.9200714373949601,0.9772132832537125,0.9281394189567151
2025-06-10,418921,387923,1607602587,1570237432,3581059,3387879,193180,0.9460550635999015,0.9767572189158216,0.9260051417809085
2025-06-22,430420,398105,1637845766,1598978289,1503112,1381865,121247,0.9193360175422723,0.9762691470669284,0.9249221690441894
2025-07-14,448702,416587,1684540717,1643245743,1281046,1168950,112096,0.9124965067608813,0.9754859151914462,0.9284268846584147
2025-07-26,459235,426558,1708381087,1666341100,2031917,1873527,158390,0.9220489813314225,0.9753919150007542,0.9288447091358455
2025-08-07,466933,437265,1731024726,1689626813,2249976,2100044,149932,0.933362844759233,0.9760847361807125,0.9364619763435011
2025-08-19,478075,447026,1750339292,1707792177,7258,4740,2518,0.6530724717553045,0.9756920757052856,0.9350541233070125
2025-08-31,486390,456277,1781741348,1740675427,2129853,2019182,110671,0.9480381979413602,0.9769518055771135,0.9380887764962274
2025-09-12,496513,467378,1821638372,1780383692,3748735,3575929,172806,0.9539028498946978,0.9773529803532268,0.941320771057354
2025-09-24,509282,480029,1863083263,1821366565,3859492,3632544,226948,0.9411974425649801,0.9776087849488668,0.9425603103977757
2025-10-06,516251,489385,1895390477,1853062553,1901402,1807143,94259,0.9504265799657305,0.9776679663037053,0.9479594228388903
2025-10-18,526075,500177,1923546646,1882185199,2695751,2594346,101405,0.9623833952023017,0.978497299721839,0.9507712778596208
2025-10-31,537605,512099,1955927807,1918015868,2991394,2881857,109537,0.9633826236196235,0.9806169026973703,0.9525562448265921
2025-12-17,596440,564596,2100210858,2067233631,0,0,0,NaN,0.9842981351732446,0.9466098853195627
2025-12-29,646724,589132,2157386742,2123224722,2436617,2359046,77571,0.9681644673742323,0.984165092268839,0.910948101508526
2026-01-10,710639,625044,2189591473,2154965915,3082279,2934919,147360,0.9521912195489117,0.9841862930016991,0.879552065113229
2026-01-22,756973,651340,2226235202,2192000237,4081806,3833007,248799,0.9390468336809735,0.9846220359065188,0.860453411152049
2026-02-04,810646,676030,2268484232,2234674108,4297583,4046507,251076,0.9415773936186922,0.9850957200746371,0.8339398455059298
2026-02-16,847666,700458,2329838437,2292316441,4927460,4763692,163768,0.966764215234624,0.9838950223311128,0.8263372601944634
2026-02-28,887161,720300,2379121681,2341906695,3328880,3184662,144218,0.956676720098051,0.9843576785932371,0.8119157627533221
2026-03-12,909753,736195,2431482055,2392421172,261,102,159,0.39080459770114945,0.9839353603619336,0.8092251413295697
2026-03-25,927263,754304,2513937557,2473894314,5823846,5405300,418546,0.9281323716320795,0.9840715045254403,0.8134736315371152
2026-04-22,968126,795010,2647787165,2606594733,4875898,4660218,215680,0.9557660968297532,0.9844426951892109,0.8211844326048469
2026-05-05,989103,816871,2718129996,2677748979,6716871,6421446,295425,0.956017467061672,0.9851438242249544,0.8258705109579083
2026-05-20,1012483,840074,2832072131,2789679671,7045606,6563730,481876,0.9316061670209773,0.9850312922697236,0.8297166470943216
2026-06-19,1035941,895446,3026888362,2982901538,5700956,5465852,235104,0.9587606008536113,0.9854679728026257,0.8643793420667779
2026-07-01,942042,911645,3106183456,3065059292,9151121,8817785,333336,0.9635742987116005,0.9867605488914174,0.9677328611675488
2026-07-17,960765,932873,3215257171,3177071710,3120278,3076086,44192,0.9858371593813116,0.9881236681953737,0.9709689674374067
2026-07-29,979267,952283,3296853381,3263472572,0,0,0,NaN,0.98987494888539,0.9724446958796733
2026-08-12,997371,971980,3389750182,3368891727,0,0,0,NaN,0.9938466099623621,0.9745420711049348
2026-08-24,1015580,991579,3484112057,3465793202,8037800,7972716,65084,0.9919027594615442,0.994742173988579,0.9763671990389728
2026-09-06,1034879,1014022,3592104617,3575648233,5546139,5486149,59990,0.9891834661915253,0.9954187347656528,0.9798459530051339
2026-09-18,1053673,1034110,3697621300,3683068378,9003253,8727823,275430,0.9694077240748428,0.996064247574515,0.9814335187482265
2026-09-30,1069467,1052908,3789457361,3785408257,7975338,7883583,91755,0.9884951584497108,0.9989314818417876,0.9845165862995305
