day,tot,med,r
2025-02-28,4227535,4227535.0,1.0
2025-03-01,4227535,4227535.0,1.0
2025-03-02,4227535,4227535.0,1.0
2025-03-03,4227535,4227535.0,1.0
2025-03-04,2224783,4580126.0,0.4857471170007113
2025-03-05,2224783,4295890.0,0.5178863983947447
2025-03-06,5119202,4614303.5,1.1094203057947964
2025-03-07,5175414,4816976.0,1.0744114149624162
2025-03-08,5193174,4816976.0,1.078098375412292
2025-03-09,8190104,4816976.0,1.7002584193900905
2025-03-10,5813523,4816976.0,1.2068822846532763
2025-03-11,4932717,4816976.0,1.0240277302606449
2025-03-12,4295890,4816976.0,0.8918230026473041
2025-03-13,5280577,4816976.0,1.0962431616848414
2025-03-14,4816976,4376383.0,1.100675146576522
2025-03-15,3781644,4336237.0,0.8721027010285646
2025-03-16,2967340,4295890.0,0.6907392880171512
2025-03-17,3785451,3966465.0,0.9543638983326463
2025-03-18,4376383,3966465.0,1.1033459264105443
2025-03-19,3871001,3966465.0,0.9759322217642158
2025-03-20,3839871,3966465.0,0.9680839235944348
2025-03-21,4336237,3966465.0,1.0932245715013242
2025-03-22,3966465,3886925.0,1.020463476912984
2025-03-23,3966465,3886925.0,1.020463476912984
2025-03-24,3726539,3886925.0,0.9587370479234871
2025-03-25,4322204,3957701.0,1.0920996811027412
2025-03-26,4507423,3957701.0,1.1388993256438524
2025-03-27,4350547,3966465.0,1.0968323179455761
2025-03-28,3886925,3966465.0,0.9799468796522849
2025-03-29,3550984,3966465.0,0.8952515653106734
2025-03-30,3518856,3966465.0,0.887151657710329
2025-03-31,3240362,4060854.0,0.7979508743727305
2025-04-01,3957701,4097478.0,0.9658870651654505
2025-04-02,4196548,4097478.0,1.024178287229364
2025-04-03,4097478,4097478.0,1.0
2025-04-04,3907314,4097478.0,0.9535899887687012
2025-04-05,4060854,4097478.0,0.9910618190018348
2025-04-06,4152306,4152306.0,1.0
2025-04-07,4412063,4168903.0,1.0583270946817425
2025-04-08,4168903,4196548.0,0.9934124427982237
2025-04-09,4349421,4349421.0,1.0
2025-04-10,4752424,4412063.0,1.0771432774192027
2025-04-11,4440454,4440454.0,1.0
2025-04-12,4054360,4477312.0,0.9055343920638097
2025-04-13,4477312,4477312.0,1.0
2025-04-14,5238998,4480427.0,1.169307746783956
2025-04-15,5238998,4480427.0,1.169307746783956
2025-04-16,5403139,4480427.0,1.2059428710701012
2025-04-17,5307586,4480427.0,1.184616109134241
2025-04-18,5828208,4480427.0,1.300815301755837
2025-04-19,4884426,4480427.0,1.0901697539096162
2025-04-20,4410334,4480427.0,0.9843557321657065
2025-04-21,4480427,4480427.0,1.0
2025-04-22,4480427,4480427.0,1.0
2025-04-23,4331076,4480427.0,0.9666659003706566
2025-04-24,4290540,4410334.0,0.9728378848404678
2025-04-25,4726770,4331076.0,1.0913615923618056
2025-04-26,3190751,4290540.0,0.7436711929034574
2025-04-27,3072941,4046020.0,0.759497234319158
2025-04-28,4019802,4019802.0,1.0
2025-04-29,5689943,3190751.0,1.7832613701288504
2025-04-30,4046020,3072941.0,1.3166604890884661
2025-05-01,1457445,1928485.0,0.7557460908433303
2025-05-02,658748,1928485.0,0.34158834525547255
2025-05-03,1928485,1928485.0,1.0
2025-05-04,1928485,1928485.0,1.0
2025-05-05,1928485,1750507.0,1.1016722583800007
2025-05-06,1928485,1750507.0,1.1016722583800007
2025-05-07,1750507,1749737.0,1.0004400661356536
2025-05-08,1750507,1749737.0,1.0004400661356536
2025-05-09,1749737,1749737.0,1.0
2025-05-10,1162646,1749737.0,0.6644690030558879
2025-05-11,1109135,1513951.0,0.7326095758713459
2025-05-12,1155839,1513951.0,0.7634586588337403
2025-05-13,1357584,1513951.0,0.8967159439109984
2025-05-14,1513951,1513951.0,1.0
2025-05-15,1805578,1513951.0,1.1926264456379367
2025-05-16,683903,1513951.0,0.4517339068437486
2025-05-17,1088159,1513951.0,0.7187544378913188
2025-05-18,1056844,1791678.0,0.5898626873802101
2025-05-19,7824978,1805578.0,4.333780097010487
2025-05-20,2387538,1883188.0,1.2678171271269782
2025-05-21,2146107,2023434.0,1.0606261434768813
2025-05-22,2141621,2130349.0,1.0052911518253582
2025-05-23,1791678,2141621.0,0.836599006079974
2025-05-24,1883188,2141621.0,0.8793283218646063
2025-05-25,2023434,2141621.0,0.9448142318365388
2025-05-26,2287363,2146107.0,1.0658196445936758
2025-05-27,2606430,2146107.0,1.2144921012792
2025-05-28,2130349,2146107.0,0.9926574024501108
2025-05-29,2192261,2192261.0,1.0
2025-05-30,2198965,2198965.0,1.0
2025-05-31,2075570,2287363.0,0.9074073507353227
2025-06-01,2050373,2287363.0,0.8963916090275134
2025-06-02,2435612,2408699.0,1.0111732516184049
2025-06-03,2693417,2435612.0,1.1058481400157332
2025-06-04,2507487,2435612.0,1.0295100369024295
2025-06-05,3055025,2507487.0,1.2183612517233389
2025-06-06,2695200,2507487.0,1.0748610062584572
2025-06-07,2408699,2693417.0,0.8942911550643662
2025-06-08,2269047,2693417.0,0.84244177563296
2025-06-09,2785216,2693417.0,1.0340827283706904
2025-06-10,3579162,2693417.0,1.328855502137248
2025-06-11,3047136,2644049.0,1.1524506542806128
2025-06-12,2751617,2644049.0,1.0406830584455886
2025-06-13,2432235,2432235.0,1.0
2025-06-14,2850375,2420274.0,1.1777075653417755
2025-06-15,2644049,2420274.0,1.092458539818219
2025-06-16,2420274,2420274.0,1.0
2025-06-17,2420274,2420274.0,1.0
2025-06-18,2420274,2420274.0,1.0
2025-06-19,2420274,2420274.0,1.0
2025-06-20,2420274,2420274.0,1.0
2025-06-21,2420274,2420274.0,1.0
2025-06-22,2420274,2420274.0,1.0
2025-06-23,929629,929629.0,1.0
2025-06-24,929629,929629.0,1.0
2025-06-25,569400,929629.0,0.6125024068741401
2025-06-26,569400,929629.0,0.6125024068741401
2025-06-27,569400,929629.0,0.6125024068741401
2025-06-28,569400,929629.0,0.6125024068741401
2025-06-29,569400,929629.0,0.6125024068741401
2025-06-30,569400,929629.0,0.6125024068741401
2025-07-01,3416276,3416276.0,1.0
2025-07-02,3416276,3416276.0,1.0
2025-07-03,3416276,3416276.0,1.0
2025-07-04,3416276,3416276.0,1.0
2025-07-05,3416276,3416276.0,1.0
2025-07-06,3416276,3416276.0,1.0
2025-07-07,3416276,3416276.0,1.0
2025-07-08,3416276,3416276.0,1.0
2025-07-09,3416276,3416276.0,1.0
2025-07-10,4079414,3416276.0,1.1941113657093279
2025-07-11,2052926,2052926.0,1.0
2025-07-12,1995652,2029478.0,0.9833326599253601
2025-07-13,1301338,2029478.0,0.6412180866212889
2025-07-14,1280397,2029478.0,0.6308996697672997
2025-07-15,1907717,2029478.0,0.9400037842243177
2025-07-16,2029478,2029478.0,1.0
2025-07-17,2029478,2029478.0,1.0
2025-07-18,1918414,2017307.0,0.9509777143488819
2025-07-19,1888053,2017307.0,0.9359274517958843
2025-07-20,1724470,2017307.0,0.8548376622893789
2025-07-21,2277497,2017307.0,1.1289788812510937
2025-07-22,2340281,2029478.0,1.153144306072793
2025-07-23,2231230,2029478.0,1.0994107844480205
2025-07-24,2231230,2029478.0,1.0994107844480205
2025-07-25,2017307,2017307.0,1.0
2025-07-26,2029846,2017307.0,1.0062157123333235
2025-07-27,1704470,2017307.0,0.8449234548831686
2025-07-28,1825930,2017307.0,0.905132436461084
2025-07-29,2063570,2017307.0,1.0229330488616755
2025-07-30,2162144,2017307.0,1.0717972029046645
2025-07-31,1988347,2017307.0,0.9856442276758074
2025-08-01,1894983,2017307.0,0.9393627246621362
2025-08-02,1781705,2029846.0,0.8777537803360452
2025-08-03,1543923,1988347.0,0.776485693895482
2025-08-04,1700966,1988347.0,0.8554673806936113
2025-08-05,2106752,2063570.0,1.0209258711844038
2025-08-06,2141455,2083739.0,1.0276982865896354
2025-08-07,2249942,2083739.0,1.079761908761126
2025-08-08,2713548,2092904.0,1.2965468076892204
2025-08-09,2448610,2092904.0,1.1699581060574207
2025-08-10,1907956,2092904.0,0.9116309204817803
2025-08-11,1975156,2092904.0,0.9437394166192047
2025-08-12,2083739,2092904.0,0.9956209171562576
2025-08-13,2092904,2092904.0,1.0
2025-08-14,2092904,2092904.0,1.0
2025-08-15,2092904,2092904.0,1.0
2025-08-16,2092904,2092904.0,1.0
2025-08-17,2092904,2092904.0,1.0
2025-08-18,2092904,2092904.0,1.0
2025-08-19,2092904,2092904.0,1.0
2025-08-20,2092904,2092904.0,1.0
2025-08-21,2092904,2092904.0,1.0
2025-08-22,2082271,2092904.0,0.9949194994132554
2025-08-23,1900526,2092904.0,0.908080829316586
2025-08-24,1664858,2092904.0,0.7954774800946436
2025-08-25,1924335,2092904.0,0.9194568886102755
2025-08-26,2388771,2128495.0,1.1222817060881045
2025-08-27,2162788,2162788.0,1.0
2025-08-28,2453644,2256505.0,1.0873647521277374
2025-08-29,2382288,2266841.0,1.0509285829928081
2025-08-30,2268062,2268062.0,1.0
2025-08-31,2128495,2382288.0,0.8934667009194522
2025-09-01,2266841,2388771.0,0.9489570159718115
2025-09-02,2412216,2412216.0,1.0
2025-09-03,2256505,2437969.0,0.9255675523355711
2025-09-04,6402634,2453644.0,2.6094388591009943
2025-09-05,3036135,2667247.0,1.138302901830989
2025-09-06,2835700,2835700.0,1.0
2025-09-07,2667247,3036135.0,0.8785007913020996
2025-09-08,2437969,3144313.0,0.7753582420070776
2025-09-09,3442302,3442302.0,1.0
2025-09-10,4670241,3478581.0,1.3425707206472983
2025-09-11,4670241,3641609.0,1.2824663493527175
2025-09-12,3747461,3478581.0,1.0772958858799033
2025-09-13,3701322,3641609.0,1.0163974221285152
2025-09-14,3641609,3641609.0,1.0
2025-09-15,3144313,3641609.0,0.863440583544252
2025-09-16,3478581,3701322.0,0.9398212314410905
2025-09-17,3866339,3747461.0,1.0317222780970903
2025-09-18,3866339,3701322.0,1.0445832597109896
2025-09-19,3322901,3641609.0,0.9124815431859928
2025-09-20,4062071,3559336.0,1.141244041023382
2025-09-21,2825341,3478581.0,0.8122107836499998
2025-09-22,3067239,3322901.0,0.9230606027684846
2025-09-23,3917947,3478581.0,1.1263061001023118
2025-09-24,3856750,3327920.0,1.1589070650736797
2025-09-25,3559336,3327920.0,1.0695377292723383
2025-09-26,3225761,3322901.0,0.9707665079398995
2025-09-27,2309869,3225761.0,0.716069479418965
2025-09-28,2194642,3067239.0,0.7155105943814616
2025-09-29,2734601,3067239.0,0.8915513267795565
2025-09-30,3526220,2734601.0,1.2894824510047354
2025-10-01,3327920,2653952.0,1.253948828011961
2025-10-02,3327920,2653952.0,1.253948828011961
2025-10-03,2508392,2653952.0,0.9451534918491367
2025-10-04,2413792,2653952.0,0.9095085367029999
2025-10-05,1966827,2653952.0,0.7410936595688241
2025-10-06,1900577,2653952.0,0.7161308870695476
2025-10-07,1873136,2653952.0,0.7057912125012058
2025-10-08,2653952,2520886.0,1.0527854095742528
2025-10-09,2653952,2520886.0,1.0527854095742528
2025-10-10,2653952,2508392.0,1.0580292075560758
2025-10-11,2653952,2520886.0,1.0527854095742528
2025-10-12,2000270,2520886.0,0.7934789593817412
2025-10-13,2189056,2653952.0,0.8248287836403975
2025-10-14,3086097,2653952.0,1.1628307520256584
2025-10-15,2520886,2653952.0,0.9498611881450757
2025-10-16,2520886,2653952.0,0.9498611881450757
2025-10-17,2419108,2666376.0,0.9072643918187082
2025-10-18,2693855,2680897.0,1.00483345686164
2025-10-19,2666376,2693855.0,0.9897993767296309
2025-10-20,2776017,2776017.0,1.0
2025-10-21,2776017,2776017.0,1.0
2025-10-22,2680897,2776017.0,0.9657350801526071
2025-10-23,3067523,2782827.0,1.1023045988845157
2025-10-24,3480759,2796562.0,1.2446564746284903
2025-10-25,2913850,2796562.0,1.0419400678404411
2025-10-26,2782827,2796562.0,0.9950886123747659
2025-10-27,2796562,2796562.0,1.0
2025-10-28,3166629,2913850.0,1.0867508622612694
2025-10-29,3083743,2941935.0,1.0482022886297624
2025-10-30,3043412,2941935.0,1.0344932841820094
2025-10-31,2991223,2941935.0,1.0167535992467542
2025-11-01,2606342,2941935.0,0.885927799220581
2025-11-02,2606342,2941935.0,0.885927799220581
2025-11-03,2606342,2941935.0,0.885927799220581
2025-11-04,2941935,2941935.0,1.0
2025-11-05,2941935,2941935.0,1.0
2025-11-06,2941935,2941935.0,1.0
2025-11-07,2941935,2941935.0,1.0
2025-11-08,2941935,2941935.0,1.0
2025-11-09,2941935,2941935.0,1.0
2025-11-10,2941935,2941935.0,1.0
2025-11-11,2941935,2941935.0,1.0
2025-11-12,2941935,2941935.0,1.0
2025-11-13,2941935,2941935.0,1.0
2025-11-14,2941935,2941935.0,1.0
2025-11-15,2941935,2941935.0,1.0
2025-11-16,2941935,2941935.0,1.0
2025-11-17,2941935,2941935.0,1.0
2025-11-18,2941935,2941935.0,1.0
2025-11-19,2941935,2941935.0,1.0
2025-11-20,2941935,2941935.0,1.0
2025-11-21,2941935,2941935.0,1.0
2025-11-22,2941935,2941935.0,1.0
2025-11-23,2941935,2941935.0,1.0
2025-11-24,2941935,2941935.0,1.0
2025-11-25,3449125,3449125.0,1.0
2025-11-26,3449125,3449125.0,1.0
2025-11-27,3449125,3449125.0,1.0
2025-11-28,3449125,3449125.0,1.0
2025-11-29,3449125,3449125.0,1.0
2025-11-30,3449125,3449125.0,1.0
2025-12-01,3449125,3449125.0,1.0
2025-12-02,3449125,3449125.0,1.0
2025-12-03,3449125,3449125.0,1.0
2025-12-04,3449125,3449125.0,1.0
2025-12-05,3449125,3449125.0,1.0
2025-12-06,4074887,4013970.0,1.015176246957501
2025-12-07,4074887,4013970.0,1.015176246957501
2025-12-08,4074887,4013970.0,1.015176246957501
2025-12-09,4074887,4013970.0,1.015176246957501
2025-12-10,4167658,4074887.0,1.0227665208875731
2025-12-11,4013970,4074887.0,0.9850506283977936
2025-12-12,4375621,4074887.0,1.0738018011297001
2025-12-13,4375621,4074887.0,1.0738018011297001
2025-12-14,2848030,4167658.0,0.6833646138910631
2025-12-15,3250612,4375621.0,0.7428915804179567
2025-12-16,3483565,4375621.0,0.7961304235444523
2025-12-17,6107602,4375621.0,1.395825186870618
2025-12-18,6107602,4375621.0,1.395825186870618
2025-12-19,6107602,4375621.0,1.395825186870618
2025-12-20,6107602,4375621.0,1.395825186870618
2025-12-21,6107602,3483565.0,1.7532619600897357
2025-12-22,5952948,3483565.0,1.7088666351855069
2025-12-23,6620161,3483565.0,1.9003982988691184
2025-12-24,3111262,3279871.0,0.9485927952654235
2025-12-25,2746723,3111262.0,0.8828324326270176
2025-12-26,2241102,3014070.0,0.7435467656690123
2025-12-27,2262073,2746723.0,0.8235533761504163
2025-12-28,2121650,2680893.0,0.791396747277866
2025-12-29,2429831,2586746.0,0.9393388450199595
2025-12-30,3279871,2586746.0,1.2679524777461721
2025-12-31,3014070,2586746.0,1.165197510694904
2026-01-01,2680893,2449269.0,1.0945686243528172
2026-01-02,2440221,2449269.0,0.9963058365577648
2026-01-03,2586746,2518091.0,1.0272647017125274
2026-01-04,2449269,2518091.0,0.9726689782061093
2026-01-05,2416045,2518091.0,0.9594748561509493
2026-01-06,2928007,2586746.0,1.1319267527619643
2026-01-07,2883285,2518091.0,1.1450281185231193
2026-01-08,2292092,2518091.0,0.9102498678562451
2026-01-09,2518091,2518091.0,1.0
2026-01-10,3072319,2586746.0,1.1877157633567423
2026-01-11,2473469,2518091.0,0.982279433110241
2026-01-12,2480010,2607316.0,0.9511735439816271
2026-01-13,2940411,2836913.0,1.036482613319478
2026-01-14,2057354,2836913.0,0.7252087039680103
2026-01-15,4254570,2836913.0,1.4997181795846402
2026-01-16,3406255,2940411.0,1.1584281925213855
2026-01-17,2836913,3072319.0,0.9233783991831578
2026-01-18,2466802,3406255.0,0.7241976892510984
2026-01-19,2607316,3417738.0,0.762877669382498
2026-01-20,3670324,3527507.0,1.0404866666458776
2026-01-21,4074233,3527507.0,1.1549893451664306
2026-01-22,4081014,3527507.0,1.156911665944249
2026-01-23,3527507,3417738.0,1.0321174414188565
2026-01-24,3643091,3519850.0,1.0350131397644786
2026-01-25,3553476,3519850.0,1.0095532480077276
2026-01-26,3417738,3527507.0,0.9688819894616794
2026-01-27,4036982,3553476.0,1.1360656438934722
2026-01-28,2343178,3553476.0,0.6594044816962321
2026-01-29,2343178,3553476.0,0.6594044816962321
2026-01-30,2343178,3553476.0,0.6594044816962321
2026-01-31,3519850,3643091.0,0.9661713089242074
2026-02-01,3519850,3781736.0,0.9307497932166603
2026-02-02,3781736,4036982.0,0.9367730646309546
2026-02-03,4350819,4185074.0,1.039603839740946
2026-02-04,4294791,4294791.0,1.0
2026-02-05,4601127,4350819.0,1.0575312372222334
2026-02-06,5500436,4460831.0,1.233051868586817
2026-02-07,6189094,4601127.0,1.3451256616042113
2026-02-08,4185074,4655645.0,0.8989246387987057
2026-02-09,4460831,4917693.0,0.9070983080887726
2026-02-10,5145448,4984718.0,1.0322445522494954
2026-02-11,5530977,4984718.0,1.1095867409149325
2026-02-12,5530977,5145448.0,1.0749262260545631
2026-02-13,5742524,5145448.0,1.1160396529126326
2026-02-14,5679844,5090507.0,1.1157717689023903
2026-02-15,4655645,4984718.0,0.9339836275592721
2026-02-16,4917693,5090507.0,0.9660517115485746
2026-02-17,4984718,5090507.0,0.9792183764799852
2026-02-18,4882836,5028715.0,0.9709907998365388
2026-02-19,5562700,4984718.0,1.1159507920006708
2026-02-20,4685620,4927277.0,0.9509552639317822
2026-02-21,5090507,4917693.0,1.0351412745773272
2026-02-22,4927277,4882836.0,1.0091014729964307
2026-02-23,5926660,4882836.0,1.2137741263478847
2026-02-24,5028715,4762415.0,1.05591700849254
2026-02-25,4623549,4685620.0,0.9867528736858729
2026-02-26,4192758,4685620.0,0.8948139200361959
2026-02-27,4762415,4685620.0,1.016389506618121
2026-02-28,3292766,4762415.0,0.6914067757639769
2026-03-01,3523146,4762415.0,0.7397813924238018
2026-03-02,3707156,4762415.0,0.7784193523663939
2026-03-03,4534859,4762415.0,0.9522183598027472
2026-03-04,4366938,4762415.0,0.9169587278723085
2026-03-05,5264126,4971558.0,1.0588483529710404
2026-03-06,4971558,5264126.0,0.9444223029615932
2026-03-07,5696223,5584810.0,1.0199492910233294
2026-03-08,6535242,5584810.0,1.1701816176378426
2026-03-09,6360323,5584810.0,1.1388611250875142
2026-03-10,5890321,5584810.0,1.0547039200975503
2026-03-11,5584810,5584810.0,1.0
2026-03-12,5584810,5696223.0,0.9804408991712579
2026-03-13,9035569,5696223.0,1.5862386356713913
2026-03-14,5997727,5696223.0,1.052930512025249
2026-03-15,5828948,5584810.0,1.0437146474096701
2026-03-16,4905137,5584810.0,0.8782997093902926
2026-03-17,2826714,5569868.0,0.5075010754294357
2026-03-18,2826714,5569868.0,0.5075010754294357
2026-03-19,12300624,5569868.0,2.2084228926071496
2026-03-20,5225624,5569868.0,0.9381953037307168
2026-03-21,5569868,5225624.0,1.0658761518241648
2026-03-22,4923960,5156803.0,0.9548474122435936
2026-03-23,4972545,4972545.0,1.0
2026-03-24,5156803,4972545.0,1.0370550693859986
2026-03-25,5724494,4972545.0,1.1512201498427868
2026-03-26,7069472,4972545.0,1.4217009599712018
2026-03-27,6689505,4923960.0,1.3585620110642653
2026-03-28,4812312,4812312.0,1.0
2026-03-29,3810877,4615777.0,0.8256198252211925
2026-03-30,3832436,4615777.0,0.8302905447988497
2026-03-31,4114037,4615777.0,0.8912989080711655
2026-04-01,1760890,4615777.0,0.38149373334110376
2026-04-02,4615777,4615777.0,1.0
2026-04-03,4615777,4615777.0,1.0
2026-04-04,4615777,4615777.0,1.0
2026-04-05,4615777,4615777.0,1.0
2026-04-06,4615777,4615777.0,1.0
2026-04-07,4615777,4615777.0,1.0
2026-04-08,4615777,4615777.0,1.0
2026-04-09,4615777,4615777.0,1.0
2026-04-10,4615777,4615777.0,1.0
2026-04-11,4615777,4615777.0,1.0
2026-04-12,4615777,4615777.0,1.0
2026-04-13,4615777,4615777.0,1.0
2026-04-14,4615777,4615777.0,1.0
2026-04-15,4615777,4615777.0,1.0
2026-04-16,4615777,4615777.0,1.0
2026-04-17,4615777,4615777.0,1.0
2026-04-18,4615777,4615777.0,1.0
2026-04-19,3909306,4615777.0,0.8469442956191341
2026-04-20,3855048,4615777.0,0.8351893949816033
2026-04-21,4497523,4615777.0,0.9743804780863546
2026-04-22,4865664,4615777.0,1.0541375807366777
2026-04-23,5190286,4652874.0,1.1155010859954515
2026-04-24,5190286,4865664.0,1.0667168961934075
2026-04-25,5073317,5073317.0,1.0
2026-04-26,4652874,5190286.0,0.8964581142542049
2026-04-27,4487377,5190286.0,0.8645722027649343
2026-04-28,5266693,5266693.0,1.0
2026-04-29,5783928,5551916.0,1.0417895371615853
2026-04-30,5783928,5720568.0,1.01107582323993
2026-05-01,5551916,5783928.0,0.9598867759073073
2026-05-02,5720568,5783928.0,0.9890455067905409
2026-05-03,6082780,6046604.0,1.0059828624464244
2026-05-04,6406554,6082780.0,1.0532279648450216
2026-05-05,6714962,6406554.0,1.0481394521922394
2026-05-06,6046604,6598325.0,0.9163846885383791
2026-05-07,6672711,6672711.0,1.0
2026-05-08,8723677,6714962.0,1.2991401887307776
2026-05-09,7443014,6750062.0,1.1026586126171878
2026-05-10,9027971,7056719.0,1.2793439840809873
2026-05-11,6598325,7443014.0,0.886512506895728
2026-05-12,9341873,7859836.0,1.1885582599942288
2026-05-13,9341873,7859836.0,1.1885582599942288
2026-05-14,7056719,7859836.0,0.8978201326338107
2026-05-15,6750062,7859836.0,0.8588044330695959
2026-05-16,7859836,7859836.0,1.0
2026-05-17,7859836,7859836.0,1.0
2026-05-18,7859836,7859836.0,1.0
2026-05-19,7859836,7859836.0,1.0
2026-05-20,6969187,7056719.0,0.98759593516477
2026-05-21,7001846,7001846.0,1.0
2026-05-22,9124855,6969187.0,1.3093141280324376
2026-05-23,9268147,6969187.0,1.3298749194131252
2026-05-24,6014944,6014944.0,1.0
2026-05-25,6014944,6014944.0,1.0
2026-05-26,6014944,6014944.0,1.0
2026-05-27,6014944,6014944.0,1.0
2026-05-28,6014944,6014944.0,1.0
2026-05-29,6014944,6014944.0,1.0
2026-05-30,6014944,6014944.0,1.0
2026-05-31,6014944,6014944.0,1.0
2026-06-01,6014944,6014944.0,1.0
2026-06-02,6014944,6014944.0,1.0
2026-06-03,6014944,6014944.0,1.0
2026-06-04,6014944,6014944.0,1.0
2026-06-05,6014944,6014944.0,1.0
2026-06-06,6014944,6014944.0,1.0
2026-06-07,6014944,6014944.0,1.0
2026-06-08,6014944,6014944.0,1.0
2026-06-09,6014944,6014944.0,1.0
2026-06-10,6014944,6014944.0,1.0
2026-06-11,6014944,6014944.0,1.0
2026-06-12,10029869,6014944.0,1.667491667420345
2026-06-13,4988418,6014944.0,0.8293373969898972
2026-06-14,3495533,6014944.0,0.5811414038102433
2026-06-15,6870857,6014944.0,1.1422977504029963
2026-06-16,6870857,5863837.0,1.1717339687307133
2026-06-17,6254179,5699861.0,1.0972511434927974
2026-06-18,5863837,5699861.0,1.028768420843947
2026-06-19,5699861,5699861.0,1.0
2026-06-20,3289266,5699861.0,0.57707828313708
2026-06-21,5581648,5863837.0,0.9518763908341927
2026-06-22,5433887,6254179.0,0.8688409781683575
2026-06-23,5560076,6254179.0,0.8890177271868938
2026-06-24,2863441,6254179.0,0.45784442690239596
2026-06-25,9622069,7679183.0,1.2530068628394453
2026-06-26,8318631,7692289.0,1.0814246578619187
2026-06-27,10389465,7692289.0,1.3506337320399688
2026-06-28,9081774,7692289.0,1.1806334889393781
2026-06-29,7679183,7842302.0,0.9792001124159717
2026-06-30,7842302,8301812.0,0.9446494331598932
2026-07-01,9149287,8318631.0,1.099854891988838
2026-07-02,8301812,8595670.0,0.9658132524864264
2026-07-03,7692289,8318631.0,0.924706120514301
2026-07-04,7253342,8301812.0,0.8737058849321088
2026-07-05,7286897,7842302.0,0.9291783203452252
2026-07-06,9041620,7692289.0,1.1754134562546987
2026-07-07,9011904,7692289.0,1.1715503668673914
2026-07-08,8595670,7692289.0,1.1174398153787515
2026-07-09,8595670,7692289.0,1.1174398153787515
2026-07-10,4580793,7692289.0,0.5955045370760251
2026-07-11,5242413,8213132.0,0.6382964501240209
2026-07-12,5242413,8213132.0,0.6382964501240209
2026-07-13,5242413,8213132.0,0.6382964501240209
2026-07-14,5242413,8213132.0,0.6382964501240209
2026-07-15,9657811,8213132.0,1.175898670568061
2026-07-16,9657811,8213132.0,1.175898670568061
2026-07-17,8213132,8213132.0,1.0
2026-07-18,8213132,8213132.0,1.0
2026-07-19,8213132,8213132.0,1.0
2026-07-20,8213132,8213132.0,1.0
2026-07-21,8213132,8213132.0,1.0
2026-07-22,8213132,8213132.0,1.0
2026-07-23,8213132,8213132.0,1.0
2026-07-24,6781229,7405409.0,0.9157129606210812
2026-07-25,5690569,7405409.0,0.7684341270009529
2026-07-26,4886957,7405409.0,0.6599172307701033
2026-07-27,5415604,7405409.0,0.7313038348050729
2026-07-28,7273862,7405409.0,0.982236362637094
2026-07-29,7405409,7299959.0,1.0144452866105138
2026-07-30,7405409,7299959.0,1.0144452866105138
2026-07-31,7405409,7273862.0,1.0180848908049123
2026-08-01,7405409,7299959.0,1.0144452866105138
2026-08-02,7405409,7299959.0,1.0144452866105138
2026-08-03,5393555,7299959.0,0.7388473003752487
2026-08-04,6105839,7299959.0,0.8364209990768441
2026-08-05,7299959,7299959.0,1.0
2026-08-06,7299959,7086683.0,1.0300953210408876
2026-08-07,5392437,7086683.0,0.7609253863902196
2026-08-08,8203490,7086683.0,1.1575923460947808
2026-08-09,6323037,6740258.0,0.9381001439410777
2026-08-10,6323037,6740258.0,0.9381001439410777
2026-08-11,6323037,7086683.0,0.8922421110130084
2026-08-12,7086683,7086683.0,1.0
2026-08-13,7086683,7086683.0,1.0
2026-08-14,8337889,7086683.0,1.1765573541246306
2026-08-15,6740258,7086683.0,0.9511160581050401
2026-08-16,6493799,7086683.0,0.9163382925410943
2026-08-17,7290722,7086683.0,1.0287918903667626
2026-08-18,9298396,7086683.0,1.3120942477602004
2026-08-19,7713976,7086683.0,1.0885171525239665
2026-08-20,7340387,7290722.0,1.006812082534487
2026-08-21,7034815,7340387.0,0.9583711322032475
2026-08-22,8079659,7340387.0,1.1007129460612908
2026-08-23,7085584,7713976.0,0.9185385072496984
2026-08-24,8035507,7713976.0,1.0416816178842143
2026-08-25,6950496,8035507.0,0.8649729257904946
2026-08-26,4942630,8035507.0,0.6150987112574229
2026-08-27,8980080,8079659.0,1.1114429457975887
2026-08-28,8980080,8623006.0,1.0414094574444226
2026-08-29,13017529,8623006.0,1.509627733066636
2026-08-30,8636952,8623006.0,1.0016173014375729
2026-08-31,4531770,8623006.0,0.5255441084002492
2026-09-01,8623006,8623006.0,1.0
2026-09-02,10694283,8623006.0,1.2402035902561126
2026-09-03,10694283,8623006.0,1.2402035902561126
2026-09-04,10694283,8623006.0,1.2402035902561126
2026-09-05,7599891,8489616.0,0.8951984400707876
2026-09-06,5541229,7599891.0,0.7291195360565039
2026-09-07,7314319,7589813.0,0.9637021360078305
2026-09-08,8489616,7599891.0,1.1170707579885026
2026-09-09,6393444,7599891.0,0.841254696942364
2026-09-10,6393444,7599891.0,0.841254696942364
2026-09-11,9289503,7599891.0,1.2223205569658828
2026-09-12,7359421,7599891.0,0.9683587567242741
2026-09-13,7314488,8066024.0,0.906826957122865
2026-09-14,7589813,8225962.0,0.9226657015921056
2026-09-15,8557303,8225962.0,1.0402799089030559
2026-09-16,21637737,8066024.0,2.6825778103313356
2026-09-17,9017761,8225962.0,1.0962560974631295
2026-09-18,8990948,8225962.0,1.0929965394928884
2026-09-19,8066024,8225962.0,0.9805569245274899
2026-09-20,8225962,8225962.0,1.0
2026-09-21,9076418,8225962.0,1.1033868136030778
2026-09-22,8022030,8557303.0,0.937448399337969
2026-09-23,7082858,8225962.0,0.8610370434485353
2026-09-24,8776203,8066024.0,1.0880457335609217
2026-09-25,5067521,8022030.0,0.6317005795291217
2026-09-26,10331881,8022030.0,1.2879384644535112
2026-09-27,6700270,7974753.0,0.8401852696879766
2026-09-28,7233191,7776314.5,0.9301566956943421
2026-09-29,9198169,7577876.0,1.2138188853974385
2026-09-30,7974753,7554317.0,1.0556550645147669
2026-10-01,7577876,7577876.0,1.0
2026-10-02,7490608,7554317.0,0.991566544003912
2026-10-03,8831201,7577876.0,1.1653926509222372
2026-10-04,7530758,7554317.0,0.9968813858354104
