day,fz3,fz7,fz14,nf3,nf7,nf14
2025-07-16,1.02,0.91,1.04,1.08,1.03,1.05
2025-07-23,1.17,1.07,1.08,1.07,1.01,1.02
2025-08-13,0.77,0.59,0.97,0.76,0.99,0.97
2025-08-16,0.17,0.96,0.97,,,
2025-08-17,0.63,1.09,1.04,,,
2025-08-19,1.55,1.27,1.15,,,
2025-08-20,1.93,1.49,1.31,1.86,1.43,1.25
2025-09-10,0.99,0.94,0.99,1.02,1.0,1.0
2025-10-01,0.99,0.82,0.9,1.03,0.95,0.93
2025-10-08,1.07,0.88,1.05,1.07,0.87,1.07
2025-10-15,1.14,1.06,1.06,,,
2025-11-05,0.88,0.89,0.93,0.91,0.9,0.95
2025-11-26,1.0,0.96,0.94,0.99,0.96,0.92
2025-12-17,1.01,0.95,0.89,1.04,0.99,0.93
2026-01-28,0.53,0.75,0.88,0.52,0.73,0.88
2026-02-11,1.09,1.07,1.1,1.15,1.07,1.1
2026-04-29,1.12,1.08,1.07,1.18,1.13,1.15
2026-05-12,1.04,1.03,0.75,1.07,1.04,0.76
2026-07-08,0.96,0.98,1.0,1.15,1.09,1.1
2026-07-20,1.12,1.05,1.04,,,
2026-07-22,1.41,1.09,1.08,1.43,1.17,1.12
2026-07-29,0.93,0.91,0.99,0.95,1.03,1.01
2026-08-05,0.58,0.9,0.96,0.58,0.9,0.96
2026-08-12,1.84,1.46,1.26,1.82,1.44,1.28
2026-08-28,1.06,1.03,1.0,,,
2026-09-02,1.03,0.85,1.0,1.08,0.9,1.03
2026-09-09,1.1,1.07,1.05,1.19,1.17,1.14
