day,skip_win,tot_ratio,all-1,all+0,all+1,all+2,all+3,dow,n,fz_share,gap,fz-1,fz+1,fz+2,fz+3,rat-1,rat+0,rat+1,rat+2,rat+3,cum3,p10_cum3,cum7,p10_cum7,share_catch>=1.3x,first_catch_dist(+1/+2/+3),ratio_nonfrozen_D,any_catch3,any_catch7
2025-05-03,Y,0.13,0.76,0.08,0.09,0.6,2.81,Sat,1293,0.222,1.0,0.011,0.01,0.003,0.0,0.7,0.0,0.1,0.5,2.39,0.78,0.33,0.98,0.49,0.86,3/17/226,0.11,,
2025-07-16,,0.75,1.0,0.62,1.4,0.93,1.11,Wed,1333,0.389,1.0,0.002,0.001,0.083,0.001,1.03,0.0,2.26,0.63,1.1,1.02,0.48,0.91,0.46,0.83,423/1/3,1.05,,
2025-07-23,,0.8,1.07,0.95,1.25,1.01,1.0,Wed,1406,0.338,1.0,0.0,0.0,0.0,0.001,1.08,0.0,2.33,1.08,1.02,1.17,0.71,1.07,0.61,0.92,429/4/3,1.07,,
2025-08-03,,0.82,0.91,0.68,0.83,0.98,1.12,Sun,1804,0.211,1.0,0.006,0.006,0.001,0.0,0.0,0.0,0.0,0.0,0.0,0.0,0.0,0.0,0.0,0.0,0/0/0,0.81,,
2025-08-13,,0.43,1.0,0.0,1.94,1.0,0.0,Wed,1458,0.723,1.0,0.001,0.0,0.001,1.0,1.0,0.0,2.08,0.99,0.0,0.77,0.39,0.59,0.28,0.86,906/5/0,1.04,,
2025-08-16,Y,0.0,1.0,0.0,0.0,0.71,0.0,Sat,1505,1.0,1.0,0.001,1.0,0.003,1.0,1.0,0.0,0.0,0.68,0.0,0.17,0.07,0.96,0.49,0.07,0/107/0,,,
2025-08-17,Y,0.0,0.0,0.0,0.71,0.0,2.8,Sun,1461,1.0,1.0,1.0,0.003,1.0,0.442,0.0,0.0,0.7,0.0,1.7,0.63,0.1,1.09,0.61,0.54,125/0/670,,,
2025-08-19,Y,0.0,0.71,0.0,2.8,1.42,1.12,Tue,1423,1.0,1.0,0.003,0.442,0.001,0.0,0.73,0.0,1.95,1.56,1.02,1.55,0.91,1.27,0.76,0.95,728/616/2,,,
2025-08-20,Y,2.81,0.0,2.8,1.42,1.12,1.06,Wed,1326,0.442,1.0,1.0,0.001,0.0,0.001,0.0,0.0,5.39,1.08,1.0,1.93,1.06,1.49,0.83,0.95,554/0/0,4.28,,
2025-09-10,Y,0.29,1.01,0.0,1.83,1.02,1.01,Wed,1495,0.782,1.0,0.0,0.0,0.001,0.003,1.01,0.0,1.9,1.01,0.98,0.99,0.45,0.94,0.45,0.84,973/7/5,0.91,,
2025-09-17,,0.97,1.02,0.98,1.11,1.01,1.02,Wed,1451,0.2,1.0,0.0,0.001,0.0,0.0,1.03,0.0,2.06,1.01,1.0,1.03,0.66,1.02,0.65,0.92,262/2/2,1.03,,
2025-10-01,,0.7,0.98,0.61,1.32,0.99,1.0,Wed,1421,0.436,1.0,0.003,0.0,0.002,0.003,0.98,0.0,1.95,0.93,0.94,0.99,0.46,0.82,0.42,0.84,514/7/2,0.99,,
2025-10-08,,0.54,0.98,0.0,1.93,1.08,1.05,Wed,1392,0.648,1.0,0.004,0.001,0.003,0.002,0.99,0.0,2.1,1.08,1.05,1.07,0.56,0.88,0.52,0.87,774/4/6,1.04,,
2025-10-15,Y,0.0,1.09,0.0,2.28,1.13,1.03,Wed,1399,1.0,1.0,0.001,0.0,0.0,0.001,1.08,0.0,2.26,1.12,1.04,1.14,0.78,1.06,0.73,0.93,1283/7/9,,,
2025-11-05,,0.85,0.94,0.94,1.16,0.81,0.69,Wed,1649,0.295,1.0,0.001,0.002,0.004,0.003,0.94,0.0,2.02,0.79,0.66,0.88,0.47,0.89,0.52,0.84,408/1/1,1.03,,
2025-11-26,,0.52,0.99,0.0,1.9,0.97,0.98,Wed,1663,0.718,1.0,0.001,0.0,0.001,0.0,1.0,0.0,2.02,0.96,0.96,1.0,0.57,0.96,0.56,0.88,1032/10/4,1.01,,
2025-12-17,,0.33,1.05,0.0,0.89,2.15,1.01,Wed,1596,0.712,1.0,0.0,0.0,0.0,0.001,1.05,0.0,0.95,2.07,1.01,1.01,0.66,0.95,0.6,0.92,252/793/2,0.64,,
2026-01-28,,0.49,1.09,0.0,0.49,0.34,0.75,Wed,2041,0.504,1.0,0.001,0.001,0.004,0.001,1.07,0.0,0.89,0.32,0.72,0.53,0.3,0.75,0.44,0.16,131/4/26,0.66,,
2026-02-11,,0.64,1.06,0.0,2.02,1.03,1.02,Wed,2013,0.654,1.0,0.0,0.0,0.001,0.0,1.01,0.0,2.21,1.03,1.03,1.09,0.66,1.07,0.66,0.91,1189/7/4,1.15,,
2026-04-29,,0.7,0.93,0.0,1.81,1.2,1.0,Wed,2424,0.502,1.0,0.001,0.0,0.0,0.002,0.95,0.0,2.2,1.22,1.04,1.12,0.72,1.08,0.72,0.92,1112/9/2,1.16,,
2026-05-12,,0.68,0.82,0.24,1.56,1.09,1.05,Tue,2637,0.482,1.0,0.001,0.001,0.001,0.001,0.88,0.0,1.99,1.08,1.07,1.04,0.74,1.03,0.72,0.92,1154/4/6,0.97,,
2026-06-25,,0.61,1.43,0.5,0.85,0.85,0.74,Thu,3217,0.021,1.0,0.0,0.001,0.0,0.003,2.21,0.0,1.57,0.89,0.73,0.81,0.16,0.92,0.41,0.67,45/1/0,0.5,,
2026-07-08,,1.25,1.05,0.0,2.68,1.03,0.77,Wed,2895,0.607,1.0,0.008,0.0,0.0,0.0,1.05,0.0,3.09,1.02,0.69,0.96,0.53,0.98,0.6,0.92,1608/3/1,2.07,,
2026-07-20,Y,,0.38,0.0,1.01,0.97,1.87,Mon,2869,1.0,1.0,0.003,0.005,0.476,0.0,0.4,0.0,0.97,0.48,1.78,1.12,0.59,1.05,0.59,0.92,531/1090/1019,,,
2026-07-22,Y,1.81,1.01,0.97,1.87,1.06,0.95,Wed,2799,0.476,1.0,0.005,0.0,0.0,0.0,1.06,0.0,3.52,1.08,1.0,1.41,0.91,1.09,0.67,0.96,1281/1/0,2.49,,
2026-07-29,,0.47,1.04,0.0,2.02,1.07,0.43,Wed,2783,0.768,1.0,0.0,0.0,0.0,0.001,1.05,0.0,2.14,1.09,0.43,0.93,0.64,0.91,0.64,0.93,1961/16/0,1.05,,
2026-08-01,,0.55,1.07,0.43,1.62,0.88,1.01,Sat,2795,0.001,1.0,0.0,0.0,0.0,0.0,,,,,,,,,,0.33,0/1/0,0.43,,
2026-08-05,,0.6,1.01,0.0,1.02,0.58,0.65,Wed,2914,0.699,1.0,0.0,0.0,0.0,0.0,1.01,0.0,1.11,0.56,0.61,0.58,0.35,0.9,0.47,0.32,608/14/36,0.74,,
2026-08-12,,0.58,0.73,0.0,3.85,1.88,1.58,Wed,2725,0.772,1.0,0.0,0.0,0.0,0.001,0.77,0.0,3.77,1.82,1.71,1.84,1.03,1.46,0.77,0.96,2019/4/2,1.31,,
2026-08-28,Y,0.0,0.73,0.0,1.8,1.79,0.74,Fri,3104,1.0,1.0,0.0,0.0,0.0,0.001,0.73,0.0,1.73,1.7,0.7,1.06,0.49,1.03,0.58,0.84,2523/68/1,,,
2026-09-02,,0.53,1.13,0.0,0.93,1.99,1.14,Wed,3001,0.544,1.0,0.001,0.001,0.001,0.0,1.1,0.0,1.09,1.89,1.11,1.03,0.61,0.85,0.51,0.87,411/1000/7,0.5,,
2026-09-09,Y,0.24,1.15,0.0,2.29,1.02,0.93,Wed,2987,0.88,1.0,0.001,0.001,0.0,0.0,1.1,0.0,2.25,1.08,1.01,1.1,0.75,1.07,0.69,0.94,2429/30/8,1.12,,
