day,n,share,wshare,set_ratio
2025-03-20,1412,0.0,0.0,1.24
2025-03-21,1412,0.002,0.0,1.209
2025-03-23,1398,0.0,0.0,1.02
2025-03-24,1394,0.006,0.001,0.875
2025-03-25,1357,0.001,0.0,1.167
2025-03-26,1369,0.001,0.0,1.363
2025-03-27,1366,0.001,0.0,1.585
2025-03-28,1360,0.003,0.004,1.322
2025-03-29,1358,0.005,0.001,0.859
2025-03-30,1346,0.01,0.12,0.709
2025-03-31,1343,0.004,0.006,0.707
2025-04-01,1347,0.004,0.006,
2025-04-02,1360,0.006,0.003,0.975
2025-04-03,1355,0.002,0.003,1.039
2025-04-04,1350,0.011,0.07,0.966
2025-04-05,1344,0.003,0.003,1.033
2025-04-06,1299,0.011,0.072,0.857
2025-04-07,1287,0.002,0.0,0.963
2025-04-08,1270,0.002,0.0,1.098
2025-04-09,1267,0.003,0.0,1.141
2025-04-10,1255,0.0,0.0,1.126
2025-04-11,1243,0.008,0.114,0.968
2025-04-12,1243,0.001,0.0,1.322
2025-04-13,1239,0.002,0.0,1.051
2025-04-14,1259,0.03,0.007,0.951
2025-04-15,1267,0.0,0.0,1.136
2025-04-16,1274,0.007,0.001,1.145
2025-04-17,1280,0.001,0.0,1.141
2025-04-18,1282,0.004,0.0,1.086
2025-04-19,1299,0.005,0.0,1.048
2025-04-20,1294,0.015,0.001,0.912
2025-04-22,1274,0.002,0.0,0.933
2025-04-23,1267,0.03,0.233,0.587
2025-04-24,1254,0.029,0.294,0.95
2025-04-25,1265,0.001,0.0,1.537
2025-04-26,1274,0.002,0.0,0.906
2025-04-27,1270,0.016,0.125,0.678
2025-04-28,1255,0.0,0.0,1.043
2025-04-29,1262,0.012,0.1,1.117
2025-04-30,1280,0.005,0.004,1.257
2025-05-01,1296,0.015,0.13,1.129
2025-05-02,1310,0.011,0.006,1.023
2025-05-03,1293,0.222,0.144,0.133
2025-05-04,1249,0.01,0.001,0.098
2025-05-05,1212,0.003,0.0,0.769
2025-05-06,1217,0.0,0.0,3.289
2025-05-08,1262,0.0,0.0,1.597
2025-05-09,1289,0.033,0.013,1.16
2025-05-10,1270,0.008,0.101,1.066
2025-05-11,1270,0.005,0.001,1.061
2025-05-12,1250,0.002,0.0,0.922
2025-05-13,1263,0.002,0.0,1.181
2025-05-14,1287,0.014,0.123,1.121
2025-05-15,1286,0.029,0.334,0.944
2025-05-16,1303,0.008,0.069,1.577
2025-05-17,1304,0.01,0.091,1.155
2025-05-18,1334,0.002,0.0,1.551
2025-05-19,1360,0.001,0.0,-1.048
2025-05-20,1381,0.002,0.017,-4.827
2025-05-21,1398,0.012,0.113,7.993
2025-05-22,1417,0.008,0.066,1.119
2025-05-23,1380,0.001,0.0,1.542
2025-05-24,1387,0.0,0.0,0.943
2025-05-25,1381,0.002,0.0,1.011
2025-05-26,1372,0.003,0.001,0.913
2025-05-27,1375,0.004,0.0,1.014
2025-05-28,1372,0.002,0.0,1.129
2025-05-29,1360,0.001,0.0,1.081
2025-05-30,1352,0.002,0.0,1.078
2025-05-31,1352,0.0,0.0,1.055
2025-06-01,1344,0.0,0.0,0.853
2025-06-02,1348,0.004,0.0,0.965
2025-06-03,1359,0.001,0.0,1.075
2025-07-09,1364,0.0,0.0,1.013
2025-07-10,1330,0.004,0.0,1.587
2025-07-11,1336,0.004,0.0,1.068
2025-07-12,1330,0.003,0.001,1.018
2025-07-13,1333,0.004,0.001,0.596
2025-07-14,1319,0.001,0.0,0.622
2025-07-15,1314,0.002,0.0,0.967
2025-07-16,1333,0.389,0.206,0.8
2025-07-17,1328,0.001,0.0,1.508
2025-07-18,1347,0.083,0.04,1.123
2025-07-19,1364,0.001,0.0,1.539
2025-07-20,1371,0.001,0.0,1.021
2025-07-21,1377,0.001,0.0,
2025-07-22,1385,0.0,0.0,1.144
2025-07-23,1406,0.338,0.194,0.923
2025-07-24,1384,0.0,0.0,1.473
2025-07-25,1680,0.0,0.0,1.11
2025-07-26,1768,0.001,0.0,1.07
2025-07-27,1781,0.001,0.0,0.827
2025-07-28,1770,0.001,0.0,0.779
2025-07-29,1766,0.151,0.104,0.996
2025-07-30,1769,0.093,0.057,1.009
2025-07-31,1818,0.074,0.042,0.944
2025-08-01,1794,0.075,0.033,0.978
2025-08-02,1806,0.006,0.001,0.973
2025-08-03,1804,0.211,0.025,0.867
2025-08-04,1422,0.006,0.001,0.918
2025-08-05,1417,0.001,0.0,1.045
2025-08-06,1431,0.0,0.0,1.177
2025-08-07,1472,0.0,0.0,1.099
2025-08-08,1449,0.002,0.0,1.135
2025-08-09,1458,0.001,0.0,1.094
2025-08-10,1449,0.003,0.001,0.96
2025-08-11,1445,0.002,0.001,0.932
2025-08-12,1445,0.001,0.0,1.073
2025-08-13,1458,0.723,0.618,0.457
2025-08-14,1436,0.0,0.0,1.852
2025-08-15,1508,0.001,0.0,1.149
2025-08-16,1505,1.0,1.0,0.0
2025-08-17,1461,1.0,1.0,0.0
2025-08-18,1431,0.003,0.0,0.815
2025-08-19,1423,1.0,1.0,0.0
2025-08-20,1326,0.442,0.267,3.296
2025-08-21,1256,0.001,0.0,2.364
2025-08-22,1305,0.0,0.0,1.218
2025-08-23,1289,0.001,0.0,1.229
2025-08-24,1235,0.003,0.0,1.026
2025-08-25,1231,0.002,0.0,1.096
2025-08-26,1211,0.0,0.0,1.249
2025-08-27,1234,0.0,0.0,1.309
2025-08-28,1375,0.001,0.0,1.226
2025-08-29,1366,0.002,0.0,1.257
2025-08-30,1374,0.0,0.0,1.179
2025-08-31,1426,0.003,0.0,1.011
2025-09-01,1456,0.001,0.0,0.977
2025-09-02,1456,0.0,0.0,1.1
2025-09-03,1505,0.0,0.0,1.073
2025-09-04,1536,0.0,0.0,1.054
2025-09-05,1508,0.0,0.0,1.0
2025-09-06,1518,0.001,0.0,0.993
2025-09-07,1496,0.002,0.001,0.809
2025-09-08,1480,0.003,0.0,0.733
2025-09-09,1488,0.0,0.0,0.987
2025-09-10,1495,0.782,0.667,0.298
2025-09-11,1451,0.0,0.0,1.786
2025-09-12,1466,0.001,0.0,1.128
2025-09-13,1452,0.003,0.0,1.159
2025-09-14,1419,0.002,0.001,0.982
2025-09-15,1434,0.001,0.0,0.943
2025-09-16,1423,0.0,0.0,1.185
2025-09-17,1451,0.2,0.073,1.103
2025-09-18,1424,0.001,0.0,1.281
2025-09-19,1434,0.0,0.0,1.146
2025-09-20,1431,0.0,0.0,1.13
2025-09-21,1459,0.001,0.0,0.943
2025-09-22,1457,0.004,0.001,0.834
2025-09-23,1452,0.001,0.0,1.045
2025-09-24,1462,0.0,0.0,1.109
2025-09-25,1496,0.001,0.0,1.039
2025-09-26,1461,0.001,0.0,1.153
2025-09-27,1472,0.001,0.0,1.057
2025-09-28,1447,0.0,0.0,0.874
2025-09-29,1450,0.0,0.0,0.905
2025-09-30,1444,0.003,0.0,1.078
2025-10-01,1421,0.436,0.302,0.681
2025-10-02,1418,0.0,0.0,1.248
2025-10-03,1420,0.002,0.0,0.978
2025-10-04,1411,0.003,0.001,0.99
2025-10-05,1402,0.006,0.001,0.803
2025-10-06,1403,0.004,0.002,0.809
2025-10-07,1405,0.004,0.002,1.044
2025-10-08,1392,0.648,0.493,0.545
2025-10-09,1348,0.001,0.0,2.04
2025-10-10,1356,0.003,0.001,1.331
2025-10-11,1354,0.002,0.001,1.413
2025-10-12,1365,0.007,0.002,0.923
2025-10-13,1367,0.006,0.004,1.078
2025-10-14,1402,0.001,0.0,1.419
2025-10-15,1399,1.0,1.0,0.0
2025-10-16,1378,0.0,0.0,2.851
2025-10-17,1388,0.0,0.0,1.2
2025-10-18,1409,0.001,0.0,1.092
2025-10-19,1430,0.003,0.0,0.906
2025-10-21,1426,0.0,0.0,0.902
2025-10-22,1451,0.003,0.0,0.999
2025-10-23,1463,0.001,0.0,0.995
2025-10-24,1515,0.002,0.0,0.995
2025-10-25,1484,0.002,0.0,1.024
2025-10-26,1477,0.004,0.001,0.888
2025-10-27,1497,0.002,0.001,0.939
2025-10-28,1522,0.001,0.001,1.08
2025-10-29,1565,0.004,0.001,1.194
2025-10-30,1574,0.001,0.0,1.23
2025-10-31,1622,0.0,0.0,1.14
2025-11-01,1604,0.006,0.001,1.1
2025-11-02,1608,0.008,0.001,0.844
2025-11-03,1587,0.009,0.002,0.853
2025-11-04,1629,0.001,0.0,1.076
2025-11-05,1649,0.295,0.138,0.911
2025-11-06,1642,0.002,0.0,1.274
2025-11-07,1667,0.004,0.001,0.89
2025-11-08,1651,0.003,0.001,0.755
2025-11-09,1629,0.007,0.001,0.624
2025-11-10,1623,0.003,0.001,0.892
2025-11-11,1615,0.002,0.0,1.245
2025-11-12,1623,0.001,0.0,1.276
2025-11-13,1595,0.002,0.0,1.254
2025-11-14,1595,0.002,0.0,1.284
2025-11-15,1563,0.001,0.0,1.243
2025-11-16,1558,0.002,0.0,1.058
2025-11-17,1571,0.002,0.0,1.014
2025-11-18,1591,0.002,0.0,1.166
2025-11-19,1591,0.001,0.0,1.221
2025-11-20,1622,0.001,0.0,1.17
2025-11-21,1623,0.001,0.0,1.121
2025-11-22,1637,0.002,0.0,1.103
2025-11-23,1644,0.002,0.001,0.928
2025-11-24,1172,0.003,0.001,0.888
2025-11-25,1648,0.001,0.0,1.003
2025-11-26,1663,0.718,0.496,0.527
2025-11-27,1622,0.0,0.0,1.738
2025-11-28,1639,0.001,0.0,1.015
2025-11-29,1633,0.0,0.0,1.011
2025-11-30,1630,0.001,0.0,0.88
2025-12-01,1602,0.03,0.014,0.842
2025-12-02,1629,0.001,0.0,1.188
2025-12-03,1651,0.004,0.003,1.1
2025-12-05,1667,0.031,0.013,0.448
2025-12-09,1631,0.0,0.0,1.341
2025-12-10,1629,0.003,0.001,1.149
2025-12-11,1611,0.133,0.084,0.874
2025-12-12,1556,0.001,0.0,1.04
2025-12-13,1566,0.001,0.0,1.264
2025-12-14,1580,0.001,0.0,0.893
2025-12-15,1614,0.001,0.002,1.04
2025-12-16,1578,0.0,0.0,1.234
2025-12-17,1596,0.712,0.532,0.322
2025-12-18,1558,0.0,0.0,0.705
2025-12-19,1567,0.0,0.0,2.219
2025-12-20,1632,0.001,0.0,1.028
2025-12-21,1627,0.002,0.0,0.854
2025-12-22,1583,0.003,0.0,0.791
2025-12-23,1591,0.003,0.001,0.959
2025-12-24,1606,0.002,0.0,0.979
2025-12-25,1902,0.003,0.0,0.911
2025-12-26,1880,0.004,0.001,0.896
2025-12-27,1847,0.004,0.001,0.876
2025-12-28,1815,0.003,0.001,0.826
2025-12-29,1805,0.003,0.001,0.777
2025-12-30,1781,0.002,0.0,1.12
2025-12-31,1763,0.002,0.0,1.214
2026-01-01,1795,0.002,0.0,1.105
2026-01-02,1783,0.003,0.0,0.9
2026-01-03,1724,0.0,0.0,1.086
2026-01-04,1737,0.009,0.002,0.948
2026-01-05,1734,0.006,0.001,0.859
2026-01-06,1726,0.007,0.002,1.275
2026-01-07,1736,0.002,0.001,1.458
2026-01-08,1749,0.007,0.002,0.974
2026-01-09,1744,0.007,0.002,0.951
2026-01-10,1755,0.007,0.002,1.506
2026-01-11,1769,0.008,0.006,1.229
2026-01-12,1748,0.003,0.003,1.105
2026-01-13,1755,0.003,0.001,1.509
2026-01-14,1758,0.001,0.0,1.48
2026-01-15,1773,0.003,0.001,1.407
2026-01-16,1823,0.002,0.0,1.378
2026-01-17,1863,0.0,0.0,0.965
2026-01-18,1873,0.002,0.0,0.709
2026-01-19,1888,0.002,0.003,0.759
2026-01-20,1887,0.0,0.0,1.076
2026-01-21,1899,0.001,0.0,1.138
2026-01-22,1921,0.001,0.0,1.132
2026-01-23,1960,0.001,0.0,1.088
2026-01-24,2007,0.0,0.0,1.121
2026-01-25,2013,0.001,0.0,0.977
2026-01-26,2015,0.002,0.0,
2026-01-27,2026,0.001,0.0,1.17
2026-01-28,2041,0.504,0.247,0.545
2026-01-29,1995,0.001,0.0,0.477
2026-01-30,1969,0.004,0.001,0.378
2026-02-01,1908,0.001,0.0,0.791
2026-02-02,1875,0.002,0.0,1.045
2026-02-03,1887,0.004,0.006,1.337
2026-02-04,1921,0.002,0.0,1.421
2026-02-05,1945,0.002,0.0,1.27
2026-02-06,1949,0.001,0.0,
2026-02-07,1977,0.001,0.0,1.328
2026-02-08,1990,0.001,0.0,1.094
2026-02-09,1953,0.001,0.0,1.069
2026-02-10,1970,0.0,0.0,1.216
2026-02-11,2013,0.654,0.398,0.757
2026-02-12,1996,0.0,0.0,1.763
2026-02-13,2076,0.001,0.0,1.222
2026-02-14,2109,0.0,0.0,1.231
2026-02-15,2150,0.002,0.0,0.981
2026-02-16,2125,0.002,0.001,0.956
2026-02-17,2126,0.0,0.0,0.959
2026-02-18,2115,0.0,0.0,1.143
2026-02-19,2132,0.0,0.0,1.44
2026-02-20,2150,0.0,0.0,
2026-02-21,2133,0.001,0.0,1.17
2026-02-22,2142,0.0,0.0,1.034
2026-02-23,2165,0.004,0.001,0.971
2026-02-24,2169,0.0,0.0,1.146
2026-02-25,2178,0.011,0.001,1.166
2026-02-26,2208,0.013,0.002,1.182
2026-02-27,2202,0.005,0.001,1.188
2026-02-28,2214,0.003,0.0,1.097
2026-03-01,2200,0.003,0.001,0.917
2026-03-02,2213,0.014,0.005,0.839
2026-03-03,2213,0.008,0.001,1.121
2026-03-04,2235,0.0,0.0,1.181
2026-03-05,2270,0.0,0.0,1.123
2026-03-06,2246,0.0,0.0,1.182
2026-03-07,2268,0.001,0.0,1.128
2026-03-08,2317,0.0,0.0,0.926
2026-03-09,2311,0.002,0.0,0.826
2026-03-10,2283,0.003,0.0,1.121
2026-03-11,2309,0.001,0.0,1.209
2026-03-12,2359,0.002,0.0,1.163
2026-03-13,2362,0.002,0.0,1.09
2026-03-14,2383,0.002,0.0,1.115
2026-03-15,2375,0.0,0.0,0.887
2026-03-16,2375,0.002,0.0,0.871
2026-03-18,2372,0.0,0.0,0.783
2026-03-19,2356,0.0,0.0,1.695
2026-03-20,2394,0.0,0.0,1.1
2026-03-21,2392,0.001,0.0,1.044
2026-03-22,2384,0.002,0.0,0.874
2026-03-23,2348,0.002,0.0,0.811
2026-03-24,2332,0.0,0.0,1.042
2026-03-25,2353,0.0,0.0,1.109
2026-03-26,2374,0.0,0.0,1.026
2026-03-27,2356,0.0,0.0,1.11
2026-03-28,2351,0.0,0.0,1.171
2026-03-29,2349,0.0,0.0,0.985
2026-03-30,2330,0.0,0.0,0.919
2026-03-31,2361,0.0,0.0,0.915
2026-04-01,2392,0.014,0.003,
2026-04-18,2374,0.0,0.0,1.172
2026-04-19,2365,0.003,0.0,1.278
2026-04-20,2352,0.004,0.001,1.208
2026-04-21,2336,0.0,0.0,1.288
2026-04-22,2356,0.003,0.001,1.489
2026-04-24,2386,0.0,0.0,1.467
2026-04-25,2369,0.002,0.0,1.438
2026-04-26,2356,0.001,0.0,1.292
2026-04-27,2455,0.001,0.0,1.176
2026-04-28,2423,0.001,0.0,
2026-04-29,2424,0.502,0.374,0.759
2026-04-30,2414,0.0,0.0,1.689
2026-05-01,2482,0.0,0.0,1.16
2026-05-02,2566,0.002,0.0,0.942
2026-05-03,2620,0.001,0.0,
2026-05-04,2608,0.001,0.0,0.835
2026-05-05,2588,0.0,0.0,0.945
2026-05-06,2615,0.001,0.0,1.063
2026-05-07,2615,0.001,0.001,1.127
2026-05-08,2622,0.001,0.0,1.139
2026-05-09,2649,0.001,0.001,1.072
2026-05-10,2637,0.002,0.001,0.937
2026-05-11,2626,0.001,0.0,0.86
2026-05-12,2637,0.482,0.248,0.754
2026-05-13,2598,0.001,0.0,1.383
2026-05-14,2687,0.001,0.0,1.16
2026-05-15,2657,0.001,0.0,1.139
2026-05-19,2657,0.0,0.0,1.004
2026-05-20,2669,0.001,0.0,1.068
2026-05-21,2689,0.001,0.0,
2026-05-22,2710,0.0,0.0,1.108
2026-05-23,2729,0.002,0.001,1.048
2026-06-11,2709,0.0,0.0,0.807
2026-06-12,2670,0.001,0.0,1.464
2026-06-13,2702,0.0,0.0,-5.707
2026-06-14,2644,0.001,0.0,1.161
2026-06-15,2669,0.001,0.0,1.239
2026-06-16,2706,0.002,0.0,0.876
2026-06-17,2738,0.0,0.0,
2026-06-18,2801,0.022,0.081,4.23
2026-06-19,3029,0.0,0.0,4.537
2026-06-20,3181,0.02,0.072,0.834
2026-06-21,3173,0.02,0.069,
2026-06-22,3178,0.002,0.0,1.265
2026-06-23,3163,0.0,0.0,0.841
2026-06-24,3140,0.0,0.0,1.587
2026-06-25,3217,0.021,0.066,0.516
2026-06-26,3194,0.001,0.001,0.959
2026-06-27,3126,0.0,0.0,0.89
2026-06-28,3168,0.003,0.001,0.767
2026-06-29,3137,0.002,0.001,0.711
2026-06-30,3076,0.001,0.0,0.625
2026-07-01,3057,0.0,0.0,
2026-07-02,2997,0.0,0.0,1.059
2026-07-03,2954,0.0,0.0,0.973
2026-07-04,2897,0.0,0.0,1.052
2026-07-05,2890,0.0,0.0,1.011
2026-07-06,2869,0.001,0.0,1.21
2026-07-07,2871,0.008,0.002,1.061
2026-07-08,2895,0.607,0.381,1.335
2026-07-09,2831,0.0,0.0,2.006
2026-07-10,2877,0.0,0.0,1.114
2026-07-15,2867,0.0,0.0,0.929
2026-07-16,2849,0.001,0.0,1.001
2026-07-17,2842,0.0,0.001,1.58
2026-07-18,2893,0.002,0.001,1.032
2026-07-19,2923,0.003,0.002,0.433
2026-07-20,2869,1.0,1.0,
2026-07-21,2758,0.005,0.017,1.083
2026-07-22,2799,0.476,0.272,1.952
2026-07-23,2776,0.0,0.0,1.909
2026-07-24,2829,0.0,0.0,1.159
2026-07-25,2843,0.0,0.0,1.032
2026-07-26,2825,0.0,0.0,0.988
2026-07-27,2843,0.012,0.005,0.902
2026-07-28,2790,0.0,0.0,
2026-07-29,2783,0.768,0.576,0.504
2026-07-30,2744,0.0,0.0,1.855
2026-07-31,2789,0.0,0.0,
2026-08-01,2795,0.001,0.0,0.496
2026-08-02,2745,0.0,0.0,1.751
2026-08-03,2849,0.0,0.0,0.888
2026-08-04,2904,0.0,0.0,1.058
2026-08-05,2914,0.699,0.466,0.415
2026-08-06,2876,0.0,0.0,0.772
2026-08-07,2838,0.0,0.0,0.592
2026-08-08,2788,0.0,0.0,0.699
2026-08-11,2735,0.0,0.0,0.74
2026-08-12,2725,0.772,0.559,0.559
2026-08-13,2671,0.0,0.0,3.375
2026-08-14,2724,0.0,0.0,1.854
2026-08-15,2916,0.001,0.0,
2026-08-16,2896,0.001,0.0,0.931
2026-08-17,2848,0.002,0.0,0.938
2026-08-18,2874,0.002,0.0,1.075
2026-08-19,2825,0.0,0.0,1.154
2026-08-20,2885,0.005,0.04,1.109
2026-08-21,2900,0.0,0.0,1.218
2026-08-22,2993,0.0,0.0,1.082
2026-08-23,3034,0.0,0.0,0.975
2026-08-24,3045,0.001,0.0,0.897
2026-08-25,3049,0.0,0.0,
2026-08-27,3088,0.0,0.0,0.81
2026-08-28,3104,1.0,1.0,0.0
2026-08-29,2982,0.0,0.0,1.915
2026-08-30,3001,0.0,0.0,1.876
2026-08-31,2993,0.001,0.0,0.775
2026-09-01,2978,0.001,0.0,1.19
2026-09-02,3001,0.544,0.347,0.439
2026-09-03,2957,0.001,0.0,0.845
2026-09-04,2961,0.001,0.0,2.224
2026-09-05,3017,0.0,0.0,1.248
2026-09-06,3029,0.0,0.0,0.749
2026-09-07,2960,0.0,0.0,0.804
2026-09-08,2931,0.001,0.0,
2026-09-09,2987,0.88,0.809,0.23
2026-09-10,2890,0.001,0.0,
2026-09-11,2990,0.0,0.0,1.08
2026-09-12,3107,0.0,0.0,0.966
2026-09-13,3053,0.0,0.0,0.893
2026-09-14,2970,0.001,0.0,0.911
2026-09-15,2982,0.001,0.0,
2026-09-16,2983,0.0,0.0,1.358
2026-09-17,3122,0.001,0.0,0.964
2026-09-18,3122,0.0,0.0,1.029
2026-09-19,3056,0.0,0.0,1.033
2026-09-20,3025,0.0,0.0,0.877
2026-09-21,3025,0.0,0.0,0.883
2026-09-22,3031,0.0,0.0,1.004
2026-09-23,3052,0.0,0.0,1.063
2026-09-24,3131,0.001,0.0,1.047
2026-09-25,3086,0.001,0.0,0.807
2026-09-26,3030,0.0,0.0,1.079
2026-09-27,3035,0.0,0.0,0.863
2026-09-28,3015,0.0,0.0,0.934
2026-09-29,3046,0.002,0.0,
2026-09-30,3056,0.0,0.0,
2026-10-01,3022,0.0,0.0,1.15
2026-10-02,3017,0.0,0.0,1.092
2026-10-03,3019,0.0,0.0,1.04
2026-10-04,2983,0.0,0.0,0.927
