day,dow,r,share,cur,pair,pair_partner,fz,W_cur,W_pair,W_fz,W_fzc,in_review,in_extra
2025-03-04,Tue,0.0,1.0,true,false,false,true,true,true,true,true,false,false
2025-05-03,Sat,0.12,0.27,true,false,false,false,true,true,false,true,false,false
2025-05-04,Sun,0.09,0.022,true,false,false,false,true,true,false,true,false,false
2025-07-16,Wed,0.68,0.419,false,true,false,true,false,true,true,true,true,false
2025-07-17,Thu,1.39,0.012,false,false,true,false,false,true,true,true,false,false
2025-07-23,Wed,0.75,0.491,false,false,false,true,false,false,true,true,false,true
2025-08-13,Wed,0.39,0.758,false,true,false,true,false,true,true,true,true,false
2025-08-14,Thu,1.78,0.143,false,false,true,false,false,true,true,true,false,false
2025-08-16,Sat,0.0,1.0,true,false,false,true,true,true,true,true,false,false
2025-08-17,Sun,0.0,1.0,true,false,false,true,true,true,true,true,false,false
2025-08-19,Tue,0.0,1.0,true,false,false,true,true,true,true,true,false,false
2025-08-20,Wed,2.6,0.552,false,false,false,true,true,true,true,true,false,false
2025-09-10,Wed,0.27,0.804,true,false,false,true,true,true,true,true,false,false
2025-10-01,Wed,0.67,0.535,false,true,false,true,false,true,true,true,true,false
2025-10-02,Thu,1.33,0.004,false,false,true,false,false,true,true,true,false,false
2025-10-08,Wed,0.51,0.713,false,true,false,true,false,true,true,true,true,false
2025-10-09,Thu,1.87,0.074,false,false,true,false,false,true,true,true,false,false
2025-10-15,Wed,0.0,1.0,true,false,false,true,true,true,true,true,false,false
2025-11-05,Wed,0.83,0.399,false,false,false,true,false,false,true,true,false,true
2025-11-26,Wed,0.46,0.753,false,false,false,true,false,false,true,true,true,false
2025-12-17,Wed,0.3,0.749,false,false,false,true,false,false,true,true,false,true
2026-01-28,Wed,0.53,0.49,false,false,false,true,false,false,true,true,false,true
2026-02-11,Wed,0.59,0.646,false,true,false,true,false,true,true,true,true,false
2026-02-12,Thu,1.47,0.002,false,false,true,false,false,true,true,true,false,false
2026-04-01,Wed,0.25,0.012,true,false,false,false,true,true,false,true,false,false
2026-04-29,Wed,0.67,0.534,false,true,false,true,false,true,true,true,true,false
2026-04-30,Thu,1.57,0.0,false,false,true,false,false,true,true,true,false,false
2026-05-12,Tue,0.7,0.518,false,false,false,true,false,false,true,true,false,true
2026-06-13,Sat,0.18,0.0,true,false,false,false,true,true,false,true,false,false
2026-06-24,Wed,1.56,0.0,false,false,true,false,false,true,false,false,false,false
2026-06-25,Thu,0.56,0.029,false,true,false,false,false,true,false,false,true,false
2026-07-08,Wed,1.26,0.612,false,false,false,true,false,false,true,true,false,true
2026-07-20,Mon,0.0,1.0,true,false,false,true,true,true,true,true,false,false
2026-07-22,Wed,1.74,0.524,false,false,false,true,true,true,true,true,false,false
2026-07-29,Wed,0.44,0.772,false,true,false,true,false,true,true,true,true,false
2026-07-30,Thu,1.78,0.001,false,false,true,false,false,true,true,true,false,false
2026-08-04,Tue,1.6,0.003,false,false,true,false,false,true,true,true,false,false
2026-08-05,Wed,0.59,0.715,false,true,false,true,false,true,true,true,true,false
2026-08-12,Wed,0.56,0.777,false,false,false,true,false,false,true,true,true,false
2026-08-28,Fri,0.0,1.0,true,false,false,true,true,true,true,true,false,false
2026-09-01,Tue,1.38,0.003,false,false,true,false,false,true,false,false,false,false
2026-09-02,Wed,0.54,0.581,false,true,false,true,false,true,true,true,false,true
2026-09-09,Wed,0.19,0.873,true,false,false,true,true,true,true,true,false,false
