day,n_t500_z,f_t500_z,n_t500_p5,f_t500_p5,n_t2000_z,f_t2000_z,n_t2000_p5,f_t2000_p5,n_t10000_z,f_t10000_z,n_t10000_p5,f_t10000_p5,n_r500_z,f_r500_z,n_r500_p5,f_r500_p5,n_r2500_z,f_r2500_z,n_r2500_p5,f_r2500_p5,n_r10000_z,f_r10000_z,n_r10000_p5,f_r10000_p5,n_orig_z,f_orig_z,n_orig_p5,f_orig_p5,tot_t2000,gmax,gmed
2025-02-28,0,0,0,0,0,0,0,0,0,0,0,0,500,1,0,0,2500,38,0,0,10000,674,0,0,842,13,0,0,0.0,1,1.0
2025-03-03,0,0,0,0,0,0,0,0,0,0,0,0,500,0,0,0,2500,2,0,0,10000,151,0,0,842,9,0,0,0.0,3,3.0
2025-03-04,0,0,0,0,0,0,0,0,0,0,0,0,500,500,0,0,2500,2500,0,0,10001,10001,0,0,844,844,0,0,0.0,1,1.0
2025-03-05,0,0,0,0,0,0,0,0,0,0,0,0,500,0,0,0,2500,4,0,0,10003,188,0,0,844,10,0,0,0.0,6,1.0
2025-03-06,0,0,0,0,0,0,0,0,0,0,0,0,500,0,0,0,2500,10,0,0,10002,472,0,0,844,12,0,0,0.0,1,1.0
2025-03-07,0,0,0,0,0,0,0,0,0,0,0,0,500,0,0,0,2500,15,0,0,10000,357,0,0,844,12,0,0,0.0,7,1.0
2025-03-08,0,0,0,0,0,0,0,0,0,0,0,0,500,0,0,0,2500,16,0,0,10000,387,0,0,851,14,0,0,0.0,2,1.0
2025-03-09,2775,0,2775,25,1382,0,1382,14,546,0,546,10,500,0,496,4,2500,9,2482,32,10005,173,9833,231,851,10,842,11,127938395.0,2,1.0
2025-03-10,2857,9,2857,92,1419,6,1419,53,563,3,563,27,500,3,495,17,2500,21,2482,93,10003,416,9821,675,851,13,842,22,54543795.0,2,1.0
2025-03-11,2838,6,2838,48,1396,1,1396,24,549,0,549,15,500,0,495,5,2500,17,2483,43,10004,396,9872,499,851,13,844,14,62098880.0,4,1.0
2025-03-12,2857,31,2857,117,1387,10,1387,55,548,0,548,17,500,0,495,10,2500,29,2483,93,10000,594,9902,842,852,13,844,15,71445349.0,4,1.0
2025-03-13,2839,8,2839,56,1391,2,1391,25,547,1,547,10,500,0,495,6,2500,16,2483,54,10000,189,9882,393,861,11,844,11,73596590.0,1,1.0
2025-03-14,2844,8,2844,56,1405,4,1405,30,548,1,548,11,500,1,495,7,2500,26,2481,67,10004,402,9901,640,862,14,844,14,71503725.0,2,1.0
2025-03-15,2866,2,2866,64,1394,0,1394,35,557,0,557,14,500,0,500,11,2500,9,2484,62,10003,287,9923,603,863,16,851,18,70908628.0,15,1.0
2025-03-16,2849,22,2849,124,1392,7,1392,65,555,2,555,27,500,4,499,26,2500,55,2484,144,10000,665,9931,1106,863,17,851,24,56313211.0,8,1.0
2025-03-17,2796,18,2796,101,1372,7,1372,58,547,3,547,20,500,4,499,19,2500,38,2482,107,10000,510,9932,882,863,17,851,23,51964331.0,6,1.0
2025-03-18,2760,2,2760,52,1351,1,1351,26,541,1,541,12,500,1,499,10,2501,12,2481,51,10001,263,9925,506,865,14,851,14,68072971.0,11,1.0
2025-03-19,2841,6,2841,57,1390,3,1390,30,551,0,551,12,500,0,499,11,2500,25,2480,59,10002,322,9902,578,866,15,852,16,73647497.0,8,1.0
2025-03-20,2871,5,2871,60,1412,0,1412,29,561,0,561,12,500,0,499,10,2500,20,2493,58,10002,313,9939,605,866,11,861,12,77653591.0,21,1.0
2025-03-21,2878,4,2878,50,1412,3,1412,27,559,1,559,11,500,2,500,9,2500,19,2495,53,10004,396,9950,635,866,12,862,13,76362526.0,2,1.0
2025-03-23,2867,1,2867,57,1398,0,1398,28,560,0,560,10,500,0,500,10,2500,12,2496,60,10000,207,9934,656,866,11,863,14,64338132.5,4,2.0
2025-03-24,2818,18,2818,118,1394,8,1394,59,554,2,554,24,500,3,500,24,2500,46,2496,125,10002,768,9927,1112,866,15,863,23,54788372.0,8,1.0
2025-03-25,2730,7,2730,64,1357,1,1357,37,543,1,543,18,500,0,500,13,2500,21,2495,69,10000,589,9918,816,869,12,863,17,69851486.0,5,1.0
2025-03-26,2761,4,2761,59,1369,2,1369,34,549,1,549,16,500,0,500,11,2500,18,2493,66,10001,544,9929,739,869,15,865,18,81767488.0,26,1.0
2025-03-27,2792,3,2792,67,1366,1,1366,35,560,0,560,18,500,0,500,12,2500,24,2494,79,10000,575,9958,765,870,12,866,15,95885210.0,1,1.0
2025-03-28,2796,4,2796,70,1360,4,1360,37,562,2,562,19,500,2,500,14,2500,24,2495,79,10001,607,9962,782,870,10,866,12,82117302.0,13,1.0
2025-03-29,2782,16,2782,146,1358,7,1358,96,562,1,562,58,500,2,500,49,2500,35,2495,160,10000,730,9961,1013,870,12,866,49,53829885.0,1,1.0
2025-03-30,2778,37,2778,195,1346,14,1346,124,560,10,560,77,500,8,500,69,2500,59,2495,211,10002,964,9961,1364,870,20,866,65,43433470.0,1,1.0
2025-03-31,2760,14,2760,180,1343,6,1343,108,551,3,551,68,500,3,500,62,2500,32,2495,194,10001,840,9965,1199,870,16,866,65,42334445.0,1,1.0
2025-04-01,2752,21,2752,126,1347,6,1347,79,552,4,552,55,500,4,500,49,2500,32,2498,137,10002,764,9968,1001,871,17,870,52,NaN,1,1.0
2025-04-02,2769,23,2769,135,1360,8,1360,82,550,4,550,54,500,5,500,48,2500,27,2499,127,10001,778,9965,1038,870,11,869,47,57683205.0,1,1.0
2025-04-03,2762,18,2762,99,1355,3,1355,56,545,3,545,43,500,5,500,40,2500,27,2499,96,10000,744,9935,949,870,12,870,41,60949219.0,1,1.0
2025-04-04,2757,34,2757,116,1350,15,1350,69,547,12,547,54,500,12,500,47,2500,40,2498,115,10000,612,9897,782,870,20,870,51,56448862.0,1,1.0
2025-04-05,2747,16,2747,99,1344,4,1344,54,510,2,510,20,500,3,500,34,2500,30,2498,107,10004,834,9826,1003,870,13,870,35,56067116.0,11,1.0
2025-04-06,2678,31,2678,118,1299,14,1299,46,493,10,493,21,500,12,500,20,2500,54,2498,133,10002,1144,9813,1353,871,19,870,23,43060984.0,25,1.0
2025-04-07,2652,8,2652,112,1287,2,1287,40,494,1,494,16,500,4,500,16,2500,20,2495,113,10000,604,9817,942,871,9,870,14,48279059.0,17,1.0
2025-04-08,2647,10,2647,53,1270,2,1270,28,488,0,488,12,500,2,500,8,2500,26,2496,71,10001,739,9820,793,871,9,870,9,55168164.0,3,1.0
2025-04-09,2642,12,2642,49,1267,4,1267,21,483,0,483,8,500,2,500,9,2500,29,2485,60,10000,740,9778,807,874,12,870,11,57231898.0,28,1.0
2025-04-10,2647,6,2647,46,1255,0,1255,16,483,0,483,4,500,1,500,4,2500,16,2485,43,10002,694,9795,777,875,10,870,9,56303424.0,3,1.0
2025-04-11,2616,13,2616,52,1243,10,1243,29,483,9,483,16,500,9,500,14,2500,31,2485,63,10000,711,9858,818,877,23,870,22,48269171.0,17,1.0
2025-04-12,2615,7,2615,42,1243,1,1243,19,480,0,480,6,500,2,499,5,2500,30,2484,60,10002,713,9897,827,877,12,870,12,64435022.0,1,1.0
2025-04-13,2633,15,2633,94,1239,3,1239,39,489,1,489,15,500,2,500,16,2500,46,2487,113,10002,874,9907,1120,877,13,871,17,52634250.0,1,1.0
2025-04-14,2651,118,2651,191,1259,38,1259,69,489,7,489,22,500,12,500,25,2500,136,2487,186,10001,1527,9915,1671,877,32,871,33,48819683.0,41,1.0
2025-04-15,2657,8,2657,71,1267,0,1267,25,486,0,486,10,500,0,500,9,2500,34,2486,86,10001,577,9902,758,878,11,871,14,58852712.0,3,1.0
2025-04-16,2675,50,2675,170,1274,9,1274,54,487,0,487,10,500,1,500,8,2500,54,2497,154,10001,773,9953,1037,879,12,874,13,59989157.0,7,1.0
2025-04-17,2681,4,2681,150,1280,1,1280,50,485,0,485,7,500,1,500,10,2500,12,2497,123,10002,432,9944,837,880,12,875,12,59882783.0,8,1.0
2025-04-18,2690,39,2690,151,1282,5,1282,50,491,0,491,8,500,1,500,9,2500,34,2499,122,10004,588,9941,880,882,12,877,11,57109520.0,2,1.0
2025-04-19,2674,44,2674,171,1299,7,1299,67,490,0,490,11,500,3,500,14,2500,38,2497,158,10002,884,9925,1206,883,12,877,14,55205542.0,2,1.0
2025-04-20,2663,54,2663,206,1294,20,1294,76,489,0,489,16,500,2,500,21,2500,67,2495,204,10002,1033,9913,1435,883,13,877,23,48237893.0,2,1.0
2025-04-22,2664,21,2664,119,1274,3,1274,38,489,0,489,9,500,2,500,11,2500,27,2494,109,10004,539,9896,845,883,11,877,11,49756573.0,8,2.0
2025-04-23,2660,77,2660,164,1267,38,1267,64,501,34,501,45,500,36,500,46,2500,93,2494,178,10003,940,9919,1193,883,43,878,44,31370300.0,9,1.0
2025-04-24,2577,42,2577,81,1254,36,1254,54,494,35,494,46,500,36,500,45,2500,79,2490,132,10000,634,9919,750,883,45,879,45,50096974.0,18,1.0
2025-04-25,2594,7,2594,69,1265,1,1265,26,500,0,500,11,500,3,500,13,2500,46,2494,99,10000,701,9942,876,883,10,880,10,80682477.0,1,1.0
2025-04-26,2592,5,2592,84,1274,2,1274,50,499,1,499,13,500,1,500,11,2500,36,2494,103,10002,707,9955,853,883,13,882,35,47547349.0,2,1.0
2025-04-27,2586,34,2586,125,1270,20,1270,60,490,18,490,30,500,19,500,32,2500,83,2497,158,10005,1068,9965,1340,883,33,883,35,35232849.0,1,1.0
2025-04-28,2573,11,2573,93,1255,0,1255,34,485,0,485,8,500,0,500,9,2500,40,2497,114,10000,886,9964,1111,883,15,883,20,52240034.0,25,1.0
2025-04-29,2581,18,2581,63,1262,15,1262,35,483,13,483,18,500,12,500,16,2500,24,2496,62,10002,599,9914,757,909,26,883,26,54971823.0,1,1.0
2025-04-30,2626,11,2626,57,1280,6,1280,28,498,6,498,13,500,5,500,8,2500,25,2489,69,10005,535,9912,678,912,15,883,15,62298777.0,10,1.0
2025-05-01,2656,44,2656,98,1296,19,1296,43,510,15,510,25,500,14,500,20,2500,59,2479,106,10000,821,9896,1069,913,24,883,22,55756703.0,1,1.0
2025-05-02,2643,44,2643,113,1310,15,1310,45,512,7,512,19,500,6,500,14,2500,90,2475,154,10000,1248,9891,1481,917,24,883,24,50063370.0,3,1.0
2025-05-03,2588,768,2588,1230,1293,287,1293,521,517,92,517,166,500,92,500,172,2500,844,2475,1249,10000,5441,9893,6673,917,245,883,359,6413284.0,30,1.0
2025-05-04,2495,49,2495,695,1249,12,1249,297,496,1,496,96,500,3,500,110,2500,147,2473,747,10000,2453,9887,4435,917,19,883,199,4487517.0,5,1.0
2025-05-05,2432,20,2432,97,1212,4,1212,43,464,0,464,9,500,0,500,14,2500,79,2471,162,10006,1324,9883,1605,917,16,883,19,32418116.0,5,1.0
2025-05-06,2441,4,2441,12,1217,0,1217,6,458,0,458,2,500,1,500,2,2500,40,2496,49,10002,620,9917,677,919,14,909,12,133571212.0,5,1.0
2025-05-08,2522,0,2522,20,1262,0,1262,14,475,0,475,3,500,1,500,4,2500,30,2490,47,10000,430,9913,532,921,12,912,12,67168643.5,5,2.0
2025-05-09,2581,148,2581,189,1289,42,1289,64,496,14,496,19,500,16,500,21,2500,154,2492,186,10001,1316,9945,1408,921,41,913,40,53684535.0,16,1.0
2025-05-10,2543,13,2543,51,1270,10,1270,29,489,8,489,16,500,8,500,16,2500,49,2493,83,10002,691,9956,799,921,21,917,20,50722268.0,4,1.0
2025-05-11,2550,14,2550,98,1270,6,1270,39,492,2,492,13,500,1,500,12,2500,58,2494,135,10000,824,9954,1019,921,16,917,25,48738704.0,8,1.0
2025-05-12,2501,14,2501,95,1250,3,1250,42,479,0,479,12,500,0,500,15,2500,46,2498,128,10003,795,9957,964,922,14,917,24,41830409.0,4,1.0
2025-05-13,2498,4,2498,38,1263,2,1263,17,509,1,509,9,500,1,500,10,2500,28,2497,57,10003,601,9946,664,926,14,917,13,54076643.0,38,1.0
2025-05-14,2566,24,2566,71,1287,18,1287,52,516,16,516,45,500,15,500,24,2500,47,2497,90,10003,563,9946,632,926,31,919,54,52808676.0,5,1.0
2025-05-15,2581,41,2581,63,1286,37,1286,48,495,31,495,37,500,31,500,38,2500,61,2498,83,10002,562,9931,603,926,47,921,48,44850400.0,5,1.0
2025-05-16,2590,12,2590,46,1303,11,1303,33,494,9,494,17,500,10,500,17,2500,33,2499,69,10003,644,9946,747,926,24,921,23,73349522.0,3,1.0
2025-05-17,2554,16,2554,56,1304,13,1304,35,484,11,484,18,500,11,500,21,2500,34,2500,75,10004,602,9954,687,926,27,921,27,53775557.0,22,1.0
2025-05-18,2571,5,2571,71,1334,3,1334,44,502,0,502,11,500,0,500,12,2500,31,2499,98,10003,745,9957,926,926,16,921,29,71718416.0,28,1.0
2025-05-19,2614,5,2614,873,1360,2,1360,407,513,0,513,127,500,2,500,90,2500,33,2499,740,10003,604,9953,4026,926,18,922,293,-51221839.0,3,1.0
2025-05-20,2651,3,2651,1814,1381,3,1381,999,519,3,519,404,500,3,500,381,2500,10,2500,1604,10002,184,9968,5625,926,15,926,645,-245508477.0,24,1.0
2025-05-21,2711,18,2711,19,1398,17,1398,18,529,15,529,15,500,15,500,16,2500,19,2499,20,10002,181,9958,187,927,27,926,27,408603231.0,8,1.0
2025-05-22,2769,17,2769,77,1417,12,1417,46,534,12,534,25,500,11,499,16,2500,19,2497,74,10001,459,9963,572,927,23,926,23,55408751.0,2,1.0
2025-05-23,2719,8,2719,55,1380,1,1380,31,511,0,511,16,500,0,499,9,2500,11,2495,56,10001,417,9960,524,927,12,926,13,71213971.0,1,1.0
2025-05-24,2728,1,2728,62,1387,0,1387,35,510,0,510,13,500,2,499,9,2500,8,2496,61,10001,67,9960,349,927,12,926,13,44302174.0,7,1.0
2025-05-25,2707,16,2707,120,1381,3,1381,62,516,0,516,16,500,2,499,17,2500,51,2494,154,10003,785,9958,1177,927,10,926,15,49784914.0,1,1.0
2025-05-26,2722,15,2722,107,1372,4,1372,57,519,2,519,17,500,1,499,12,2500,32,2494,128,10000,637,9942,965,927,14,926,17,45593335.0,3,1.0
2025-05-27,2718,9,2718,74,1375,5,1375,47,521,0,521,15,500,2,499,14,2500,31,2495,92,10002,545,9951,718,927,14,926,16,51020501.0,9,1.0
2025-05-28,2713,7,2713,44,1372,3,1372,27,523,0,523,12,500,1,499,8,2500,24,2494,58,10000,315,9957,402,928,14,927,14,55383177.0,2,1.0
2025-05-29,2728,5,2728,49,1360,1,1360,34,515,0,515,11,500,0,500,8,2500,18,2496,60,10000,271,9958,349,930,15,927,15,53565250.0,2,1.0
2025-05-30,2706,6,2706,46,1352,3,1352,26,514,0,514,5,500,2,500,8,2500,27,2494,63,10002,262,9958,342,934,13,927,12,53161887.0,33,1.0
2025-05-31,2714,1,2714,44,1352,0,1352,24,512,0,512,9,500,0,499,6,2500,14,2489,50,10001,257,9956,362,935,13,927,13,51504511.0,1,1.0
2025-06-01,2735,2,2735,87,1344,0,1344,44,508,0,508,17,500,0,499,13,2500,8,2490,90,10003,434,9964,688,936,15,927,23,41539995.0,3,1.0
2025-06-02,2727,8,2727,82,1348,5,1348,41,502,0,502,14,500,2,499,13,2500,33,2490,95,10000,396,9960,584,936,14,927,18,46557671.0,4,1.0
2025-06-03,2735,6,2735,45,1359,2,1359,24,505,0,505,6,500,2,499,6,2500,24,2488,61,10001,225,9957,310,937,14,927,13,52064281.0,1,1.0
2025-07-09,2736,0,2736,29,1364,0,1364,16,505,0,505,5,500,0,493,0,2500,0,2483,1,10001,0,9864,9,938,9,928,11,49913367.94444445,128,36.0
2025-07-10,2690,11,2690,117,1330,5,1330,82,495,0,495,16,500,0,489,6,2500,19,2412,80,10001,222,9297,304,968,16,930,42,75665937.0,94,1.0
2025-07-11,2694,13,2694,113,1336,5,1336,68,493,0,493,21,500,0,493,10,2500,15,2419,60,10020,138,9279,264,968,16,934,15,50932885.0,48,1.0
2025-07-12,2677,10,2677,113,1330,4,1330,60,489,0,489,23,500,1,495,10,2500,19,2411,59,10008,288,9220,374,968,15,935,13,48106745.0,3,1.0
2025-07-13,2664,17,2664,205,1333,5,1333,92,484,0,484,33,500,1,495,20,2500,34,2401,130,10001,497,9202,813,969,18,936,29,28062828.0,2,1.0
2025-07-14,2654,19,2654,188,1319,1,1319,81,482,0,482,32,500,1,495,17,2500,31,2400,128,10002,452,9197,727,969,17,936,29,28823206.0,3,1.0
2025-07-15,2636,10,2636,80,1314,3,1314,37,476,0,476,14,500,0,495,7,2500,19,2397,42,10004,311,9173,351,970,13,937,14,44471996.0,57,1.0
2025-07-16,2668,1183,2668,1218,1333,519,1333,538,478,145,478,150,500,168,496,167,2500,1163,2398,1077,10000,5833,9191,5089,970,407,938,380,36659046.0,43,1.0
2025-07-17,2688,2,2688,28,1328,1,1328,13,473,0,473,4,500,0,499,4,2500,11,2490,33,10000,146,9867,229,971,13,968,12,67921726.0,1,1.0
2025-07-18,2702,234,2702,261,1347,112,1347,123,476,29,476,34,500,34,499,38,2500,226,2487,252,10002,1375,9895,1434,1206,177,968,102,50636135.0,45,1.0
2025-07-19,2700,3,2700,25,1364,1,1364,12,482,1,482,4,500,0,499,2,2500,17,2489,38,10001,567,9495,625,1273,15,968,13,68827478.0,3,1.0
2025-07-20,2753,1,2753,60,1371,1,1371,28,480,1,480,7,500,1,498,8,2500,3,2111,59,10000,112,9500,352,1273,17,969,21,46500015.0,47,1.0
2025-07-21,2743,2,2743,70,1377,1,1377,28,489,0,489,6,500,0,498,4,2500,4,2109,63,10000,483,9496,713,1273,14,969,18,NaN,48,1.0
2025-07-22,2777,0,2777,22,1385,0,1385,16,497,0,497,5,500,0,499,4,2500,2,2109,25,10000,478,9518,555,1273,13,970,13,53042284.0,1,1.0
2025-07-23,2820,1103,2820,1113,1406,475,1406,481,506,146,506,148,500,136,499,136,2500,1185,2112,807,10003,5609,9558,5191,1277,653,970,346,43396089.0,2,1.0
2025-07-24,2745,1,2745,25,1384,0,1384,17,500,0,500,5,500,0,499,1,2500,7,2111,24,10002,403,9533,451,1279,13,971,13,69345199.0,1,1.0
2025-07-25,3063,5,3063,37,1680,0,1680,22,802,0,802,7,500,1,499,7,2500,11,2405,36,10000,751,9817,807,1279,15,1206,16,59697424.0,2,1.0
2025-07-26,3197,5,3197,80,1768,2,1768,61,895,0,895,7,500,0,499,5,2501,13,2490,83,10001,615,9900,718,1279,15,1273,54,59540845.0,2,1.0
2025-07-27,3222,5,3222,106,1781,1,1781,66,891,1,891,11,500,1,500,9,2500,11,2490,97,10002,797,9911,986,1280,15,1273,49,45772761.0,7,1.0
2025-07-28,3246,6,3246,493,1770,1,1770,425,895,0,895,384,500,0,500,8,2500,8,2489,471,10000,624,9926,1202,1280,19,1273,344,43207562.0,2,1.0
2025-07-29,3271,270,3271,452,1766,266,1766,422,899,260,899,393,500,0,498,20,2500,277,2480,439,10001,709,9907,911,1286,215,1273,317,55672001.0,2,1.0
2025-07-30,3249,171,3249,485,1769,164,1769,426,902,160,902,393,500,0,498,22,2500,176,2483,460,10000,883,9912,1220,1289,126,1277,333,55948962.0,61,1.0
2025-07-31,3322,139,3322,486,1818,135,1818,438,911,128,911,392,500,4,498,22,2500,145,2483,472,10000,607,9918,997,1291,129,1279,338,52194054.0,62,1.0
2025-08-01,3284,158,3284,488,1794,135,1794,435,893,129,893,394,500,0,498,21,2500,144,2482,461,10001,404,9897,763,1292,109,1279,331,52090052.0,5,1.0
2025-08-02,3277,33,3277,496,1806,11,1806,442,901,3,901,395,500,0,497,21,2500,18,2478,465,10000,705,9890,1202,1298,15,1279,321,51625921.0,9,1.0
2025-08-03,3257,394,3257,528,1804,381,1804,459,535,10,535,28,500,10,497,27,2500,393,2476,503,10000,1131,9899,1419,1299,300,1280,321,42973433.0,5,1.0
2025-08-04,2881,21,2881,142,1422,9,1422,78,535,0,535,28,500,0,497,26,2500,29,2473,142,10000,964,9849,1193,1299,20,1280,45,44238661.0,62,1.0
2025-08-05,2932,16,2932,76,1417,1,1417,31,525,0,525,9,500,5,500,18,2500,336,2482,394,10000,1232,9881,1328,1299,259,1286,263,50329889.0,6,1.0
2025-08-06,2915,3,2915,49,1431,0,1431,22,523,0,523,5,500,1,500,7,2500,16,2485,45,10000,481,9884,545,1301,4,1289,5,56388583.0,84,1.0
2025-08-07,3016,6,3016,66,1472,0,1472,22,538,0,538,8,500,2,499,6,2500,335,2480,371,10000,1009,9901,1110,1309,245,1291,248,53255482.0,5,1.0
2025-08-08,2978,9,2978,75,1449,3,1449,26,537,1,537,8,500,2,498,7,2500,342,2479,376,10000,948,9853,1035,1315,254,1292,254,54676170.0,18,1.0
2025-08-09,2980,1,2980,72,1458,1,1458,21,538,1,538,9,500,2,498,6,2500,123,2486,159,10002,444,9838,563,1315,91,1298,92,52939126.0,26,1.0
2025-08-10,2982,16,2982,138,1449,4,1449,36,550,1,550,14,500,5,497,15,2500,383,2486,451,10004,1200,9821,1402,1315,277,1299,284,46446353.0,68,1.0
2025-08-11,3024,25,3024,137,1445,3,1445,37,545,2,545,15,500,4,496,15,2500,387,2484,473,10001,1290,9809,1463,1316,285,1299,310,45282844.0,90,1.0
2025-08-12,3034,16,3034,97,1445,2,1445,27,553,0,553,8,500,2,496,5,2500,335,2483,389,10002,1027,9788,1105,1316,247,1299,265,52429715.0,76,1.0
2025-08-13,3060,2343,3060,2350,1458,1054,1458,1059,556,374,556,376,500,334,496,331,2500,1961,2487,1954,10000,8512,9805,8332,1316,1019,1301,1005,22411539.5,14,1.0
2025-08-14,3012,1,3012,28,1436,0,1436,16,547,0,547,4,500,0,500,1,2500,296,2493,317,10002,610,9781,638,1316,220,1309,221,90751856.0,6,1.0
2025-08-15,3077,2,3077,53,1508,1,1508,29,561,0,561,7,500,1,500,4,2500,325,2497,360,10001,959,9815,1017,1316,242,1315,244,57445242.0,2,1.0
2025-08-16,3050,3041,3050,3050,1505,1505,1505,1505,557,557,557,557,500,500,500,500,2500,2500,2498,2498,10000,10000,9848,9848,1320,1320,1315,1315,0.0,4,1.0
2025-08-17,2962,2959,2962,2962,1461,1461,1461,1461,538,538,538,538,500,500,500,500,2500,2499,2498,2497,10000,9999,9881,9880,1322,1322,1315,1315,0.0,18,1.0
2025-08-18,2898,7,2898,69,1431,4,1431,43,523,0,523,15,500,1,500,12,2500,230,2499,276,10000,874,9851,991,1322,171,1316,178,39316858.0,16,1.0
2025-08-19,2896,2888,2896,2893,1423,1423,1423,1423,525,525,525,525,500,500,500,500,2500,2500,2499,2499,10003,9986,9848,9843,1322,1322,1316,1316,0.0,97,1.0
2025-08-20,2756,1382,2756,1391,1326,586,1326,589,503,183,503,184,500,179,500,179,2500,1377,2500,1380,10000,5950,9898,5857,1325,754,1316,747,152461723.0,22,1.0
2025-08-21,2600,1,2600,24,1256,1,1256,21,490,0,490,7,500,0,500,2,2500,3,2493,22,10000,226,9817,266,1326,3,1316,5,106693843.0,5,1.0
2025-08-22,2655,1,2655,35,1305,0,1305,24,485,0,485,6,500,0,500,2,2500,20,2494,50,10000,359,9827,400,1328,12,1316,12,54352285.0,10,1.0
2025-08-23,2632,1,2632,73,1289,1,1289,60,477,0,477,3,500,0,500,3,2501,2,2496,74,10000,325,9868,423,1328,4,1320,36,54515369.0,5,1.0
2025-08-24,2579,5,2579,47,1235,4,1235,23,464,0,464,5,500,0,499,5,2500,33,2496,77,10000,744,9889,843,1328,290,1322,293,44693698.0,23,1.0
2025-08-25,2539,5,2539,26,1231,2,1231,11,460,0,460,5,500,2,499,7,2500,44,2495,71,10003,568,9905,634,1328,301,1322,303,47366012.0,14,1.0
2025-08-26,2518,2,2518,13,1211,0,1211,8,459,0,459,4,500,1,499,6,2500,22,2494,34,10000,383,9910,400,1328,233,1322,234,54592205.0,1,1.0
2025-08-27,2582,1,2582,17,1234,0,1234,7,468,0,468,4,500,0,500,4,2500,17,2498,27,10004,410,9953,443,1330,282,1325,284,58250374.0,12,1.0
2025-08-28,2751,3,2751,28,1375,2,1375,15,490,1,490,5,500,1,500,7,2500,19,2498,38,10001,365,9936,400,1332,277,1326,279,57439232.0,17,1.0
2025-08-29,2718,5,2718,28,1366,3,1366,19,488,0,488,4,500,1,500,6,2500,20,2494,42,10002,390,9935,431,1332,245,1328,247,58677939.0,4,1.0
2025-08-30,2725,2,2725,29,1374,0,1374,18,491,0,491,6,500,1,500,8,2500,13,2489,37,10000,250,9937,310,1332,279,1328,281,55874699.0,19,1.0
2025-08-31,2836,7,2836,112,1426,4,1426,67,513,0,513,9,500,0,500,12,2500,28,2488,117,10002,455,9930,670,1334,32,1328,67,50130497.0,2,1.0
2025-09-01,2900,4,2900,84,1456,1,1456,55,522,1,522,14,500,2,500,19,2500,27,2489,100,10000,466,9932,636,1335,282,1328,295,49793833.0,33,1.0
2025-09-02,2909,1,2909,40,1456,0,1456,22,524,0,524,9,500,0,500,10,2500,17,2489,47,10005,409,9930,491,1335,2,1328,2,57238212.0,34,1.0
2025-09-03,3002,1,3002,40,1505,0,1505,22,537,0,537,11,500,0,500,12,2500,10,2489,38,10001,381,9929,468,1336,280,1330,283,57976337.0,92,1.0
2025-09-04,3029,2,3029,43,1536,0,1536,21,535,0,535,10,500,0,500,12,2500,0,2493,28,10000,277,9897,376,1336,19,1332,23,56531514.0,101,1.0
2025-09-05,3017,0,3017,55,1508,0,1508,26,527,0,527,12,500,0,500,13,2500,2,2494,38,10001,108,9841,228,1336,128,1332,132,52887024.0,37,1.0
2025-09-06,3001,10,3001,54,1518,2,1518,29,526,0,526,13,500,1,500,10,2500,23,2499,60,10000,386,9799,486,1338,179,1332,181,52233088.0,103,1.0
2025-09-07,3015,12,3015,94,1496,3,1496,41,529,1,529,16,500,2,500,14,2500,24,2498,89,10001,459,9757,628,1338,289,1334,292,42357371.0,32,1.0
2025-09-08,2992,13,2992,132,1480,4,1480,78,529,0,529,15,500,1,500,12,2500,34,2496,135,10001,507,9728,684,1338,293,1335,331,38308412.0,4,1.0
2025-09-09,2994,5,2994,80,1488,0,1488,60,527,0,527,9,500,0,500,6,2500,18,2496,90,10000,280,9674,386,1338,2,1335,36,51317632.0,5,1.0
2025-09-10,2991,2424,2991,2432,1495,1169,1495,1173,530,400,530,402,500,377,500,378,2500,2024,2498,2028,10003,8828,9678,8510,1339,1098,1336,1095,15422861.0,2,1.0
2025-09-11,2902,0,2902,31,1451,0,1451,18,527,0,527,6,500,0,500,3,2500,0,2496,28,10003,67,9628,140,1338,250,1335,250,88730536.0,20,1.0
2025-09-12,2936,6,2936,85,1466,2,1466,63,534,0,534,9,500,0,500,9,2500,11,2495,87,10000,280,9595,383,1339,280,1336,313,56397701.0,51,1.0
2025-09-13,2962,8,2962,81,1452,5,1452,60,531,0,531,9,500,0,500,9,2500,19,2495,89,10001,254,9553,375,1340,7,1338,39,57340390.0,159,1.0
2025-09-14,2971,9,2971,117,1419,3,1419,44,524,2,524,12,500,3,500,12,2500,33,2494,125,10004,477,9542,605,1340,2,1338,37,48553910.0,6,1.0
2025-09-15,2993,7,2993,137,1434,2,1434,41,526,0,526,12,500,0,500,16,2500,16,2494,100,10000,361,9523,501,1340,5,1338,40,46454430.0,18,1.0
2025-09-16,2946,1,2946,45,1423,0,1423,25,523,0,523,9,500,0,500,9,2500,10,2490,46,10004,289,9561,315,1340,5,1338,14,58118567.0,4,1.0
2025-09-17,2995,716,2995,741,1451,290,1451,300,530,67,530,69,500,67,500,70,2500,586,2493,595,10000,3670,9632,3334,1342,487,1339,487,54661954.0,59,1.0
2025-09-18,2991,4,2991,28,1424,1,1424,16,529,0,529,6,500,0,499,3,2500,14,2494,36,10000,245,9618,274,1342,3,1339,4,63581262.0,40,1.0
2025-09-19,3021,7,3021,56,1434,0,1434,25,528,0,528,7,500,0,499,10,2500,34,2493,68,10003,578,9661,670,1343,250,1339,255,58042073.0,2,1.0
2025-09-20,3056,5,3056,61,1431,0,1431,28,527,0,527,12,500,0,500,12,2500,42,2493,78,10003,561,9744,651,1343,226,1340,229,58348041.0,5,1.0
2025-09-21,3062,9,3062,106,1459,1,1459,46,523,0,523,16,500,1,500,17,2500,56,2494,131,10000,686,9815,883,1343,277,1340,284,49849281.0,20,1.0
2025-09-22,3061,10,3061,112,1457,6,1457,62,523,1,523,20,500,2,500,20,2500,45,2495,126,10000,659,9871,856,1343,220,1340,238,44634294.0,2,1.0
2025-09-23,3044,3,3044,52,1452,1,1452,25,521,0,521,10,500,0,500,12,2500,39,2495,79,10001,590,9870,688,1347,263,1340,267,55865687.0,13,1.0
2025-09-24,3072,1,3072,53,1462,0,1462,17,521,0,521,10,500,1,500,11,2500,39,2494,84,10001,477,9893,563,1350,279,1342,296,58765537.0,8,1.0
2025-09-25,3157,3,3157,67,1496,1,1496,21,531,0,531,10,500,0,500,9,2500,37,2492,78,10000,581,9925,722,1352,289,1342,290,56109345.0,165,1.0
2025-09-26,3082,5,3082,75,1461,1,1461,25,529,0,529,8,500,0,500,8,2500,47,2491,104,10004,743,9961,941,1352,293,1343,312,60764279.0,2,1.0
2025-09-27,3031,5,3031,69,1472,1,1472,24,531,0,531,8,500,0,500,10,2500,54,2495,114,10002,952,9966,1223,1352,291,1343,308,55643806.0,33,1.0
2025-09-28,2974,3,2974,127,1447,0,1447,50,527,0,527,20,500,0,500,17,2500,14,2494,123,10002,455,9969,1009,1352,37,1343,69,45727782.0,60,1.0
2025-09-29,2956,4,2956,120,1450,0,1450,55,529,0,529,19,500,0,500,18,2500,20,2494,127,10003,771,9971,1203,1352,12,1343,37,47288212.0,11,1.0
2025-09-30,2959,7,2959,64,1444,5,1444,39,529,0,529,15,500,0,500,13,2500,21,2496,77,10003,625,9964,860,1353,5,1347,9,56556944.0,13,1.0
2025-10-01,2974,1404,2974,1430,1421,619,1421,632,531,199,531,203,500,190,500,192,2500,1213,2497,1231,10000,6065,9971,6097,1353,747,1350,744,35463698.0,3,1.0
2025-10-02,2936,1,2936,42,1418,0,1418,28,529,0,529,12,500,0,500,9,2500,10,2498,47,10001,402,9957,606,1354,4,1352,5,64420817.0,48,1.0
2025-10-03,2948,7,2948,59,1420,3,1420,31,533,0,533,15,500,0,500,10,2500,55,2498,102,10000,1052,9947,1249,1354,294,1352,298,50354332.0,2,1.0
2025-10-04,2941,13,2941,98,1411,4,1411,43,531,1,531,15,500,1,500,12,2500,58,2497,132,10001,928,9939,1232,1354,296,1352,321,50051302.0,66,1.0
2025-10-05,2888,14,2888,95,1402,8,1402,45,536,2,536,15,500,1,500,14,2500,74,2495,145,10000,1227,9934,1535,1358,297,1352,301,40085267.0,3,1.0
2025-10-06,2880,17,2880,95,1403,5,1403,48,541,2,541,18,500,5,500,15,2500,81,2495,156,10003,1320,9931,1621,1358,290,1352,297,39960589.0,3,1.0
2025-10-07,2882,19,2882,67,1405,6,1405,30,546,3,546,8,500,3,500,6,2500,65,2493,106,10002,1200,9931,1322,1358,297,1353,306,51547977.0,9,1.0
2025-10-08,2830,1934,2830,1947,1392,902,1392,907,543,330,543,332,500,310,500,312,2500,1742,2493,1743,10004,8053,9947,8022,1358,986,1353,982,26998637.0,35,1.0
2025-10-09,2724,5,2724,47,1348,1,1348,26,523,0,523,10,500,1,499,8,2500,27,2494,56,10001,775,9927,848,1358,115,1354,117,93993804.0,71,1.0
2025-10-10,2754,15,2754,55,1356,4,1356,24,526,2,526,11,500,1,497,6,2500,61,2493,96,10001,1189,9941,1274,1358,286,1354,288,62386402.0,55,1.0
2025-10-11,2756,14,2756,51,1354,3,1354,23,535,2,535,8,500,1,498,3,2500,59,2494,91,10001,1033,9961,1113,1358,283,1354,284,66252190.0,37,1.0
2025-10-12,2794,24,2794,115,1365,9,1365,44,539,4,539,18,500,3,499,12,2500,88,2497,182,10003,1289,9972,1520,1358,289,1358,330,43442509.0,3,1.0
2025-10-13,2772,26,2772,133,1367,8,1367,47,539,3,539,19,500,2,499,11,2500,97,2498,159,10003,1096,9966,1324,1358,293,1358,306,50582286.0,57,1.0
2025-10-14,2746,2,2746,36,1402,1,1402,26,541,0,541,13,500,0,499,6,2500,16,2499,47,10001,520,9959,607,1358,43,1358,47,66503392.0,5,1.0
2025-10-15,2778,2778,2778,2778,1399,1399,1399,1399,536,536,536,536,500,500,500,500,2500,2500,2500,2500,10005,10005,9975,9975,1359,1359,1358,1358,0.0,7,1.0
2025-10-16,2686,2,2686,13,1378,0,1378,9,527,0,527,5,500,0,500,0,2500,14,2500,26,10003,386,9934,409,1371,270,1358,270,132569703.0,15,1.0
2025-10-17,2715,1,2715,36,1388,0,1388,25,539,0,539,13,500,1,500,9,2500,14,2496,47,10002,299,9900,388,1372,272,1358,275,61319368.0,7,1.0
2025-10-18,2757,5,2757,37,1409,2,1409,23,549,0,549,9,500,1,500,8,2500,24,2494,52,10000,541,9903,621,1372,286,1358,290,57262443.0,7,1.0
2025-10-19,2776,15,2776,99,1430,5,1430,65,552,0,552,16,500,0,500,12,2500,38,2494,116,10001,687,9896,922,1372,5,1358,33,48479039.0,2,1.0
2025-10-21,2791,2,2791,43,1426,0,1426,23,558,0,558,14,500,1,500,10,2500,11,2493,38,10000,213,9907,310,1372,2,1358,7,48902981.0,83,2.0
2025-10-22,2856,8,2856,82,1451,5,1451,57,568,0,568,14,500,0,500,7,2500,13,2489,72,10002,285,9908,433,1393,5,1358,28,54915351.0,12,1.0
2025-10-23,2882,5,2882,53,1463,2,1463,31,572,0,572,14,500,1,500,10,2500,13,2486,46,10003,273,9890,384,1399,4,1359,9,55501774.0,1,1.0
2025-10-24,2981,7,2981,67,1515,3,1515,45,592,0,592,20,500,1,499,16,2500,12,2497,63,10002,268,9881,414,1399,3,1371,11,57036943.0,15,1.0
2025-10-25,2946,10,2946,70,1484,3,1484,35,580,0,580,13,500,0,499,10,2500,30,2496,76,10000,403,9826,536,1399,4,1372,9,55303766.0,3,1.0
2025-10-26,2920,23,2920,105,1477,6,1477,53,578,1,578,21,500,2,499,19,2500,45,2496,109,10000,645,9794,861,1399,3,1372,12,46247261.0,25,1.0
2025-10-27,2958,17,2958,116,1497,3,1497,53,574,1,574,24,500,2,499,21,2500,49,2495,129,10000,626,9756,836,1399,4,1372,23,47806200.0,2,1.0
2025-10-28,3199,6,3199,89,1522,2,1522,42,608,1,608,18,500,2,499,18,2500,19,2495,92,10000,278,9742,441,1401,5,1372,33,55641178.0,5,1.0
2025-10-29,3385,10,3385,50,1565,6,1565,33,616,0,616,8,500,3,500,10,2500,27,2497,60,10001,325,9891,527,1401,4,1393,4,62969591.0,18,1.0
2025-10-30,3390,11,3390,58,1574,1,1574,31,617,0,617,9,500,1,498,11,2500,26,2493,64,10001,526,9896,635,1403,4,1399,6,64844893.0,54,1.0
2025-10-31,3483,15,3483,71,1622,0,1622,32,633,0,633,12,500,1,497,15,2500,16,2493,59,10000,556,9867,676,1403,4,1399,7,62174549.0,108,1.0
2025-11-01,3438,26,3438,72,1604,9,1604,36,627,0,627,13,500,2,497,14,2500,38,2491,78,10002,659,9862,758,1405,4,1399,6,58901579.0,9,1.0
2025-11-02,3417,35,3417,157,1608,13,1608,80,621,1,621,22,500,3,497,21,2500,49,2491,139,10000,741,9849,1023,1406,5,1399,19,44881578.0,8,1.0
2025-11-03,3390,32,3390,152,1587,14,1587,72,616,2,616,26,500,2,497,23,2500,51,2490,149,10000,700,9836,957,1406,5,1399,20,44480516.0,7,1.0
2025-11-04,3373,17,3373,75,1629,1,1629,37,627,0,627,18,500,1,499,12,2500,27,2491,79,10002,517,9836,643,1406,5,1401,9,55746794.0,2,1.0
2025-11-05,3383,1309,3383,1342,1649,487,1649,514,627,157,627,169,500,99,499,105,2500,782,2491,804,10000,4150,9840,4049,1406,584,1401,582,47350418.0,6,1.0
2025-11-06,3390,5,3390,85,1642,3,1642,65,616,1,616,18,500,0,499,9,2500,11,2493,75,10000,298,9821,407,1407,4,1403,28,65642595.0,1,1.0
2025-11-07,3426,21,3426,76,1667,7,1667,50,619,1,619,19,500,0,498,10,2500,34,2495,85,10001,621,9823,721,1409,4,1403,8,46032560.0,6,1.0
2025-11-08,3420,13,3420,94,1651,5,1651,59,615,1,615,17,500,1,499,8,2500,20,2496,94,10000,430,9848,581,1410,4,1405,8,38606532.0,29,1.0
2025-11-09,3385,16,3385,197,1629,12,1629,126,613,1,613,23,500,1,499,15,2500,32,2494,182,10001,496,9850,868,1411,5,1406,61,31270369.0,2,1.0
2025-11-10,3362,11,3362,168,1623,5,1623,118,606,0,606,20,500,1,499,14,2500,23,2495,159,10003,315,9878,600,1411,5,1406,58,44309427.0,13,1.0
2025-11-11,3354,6,3354,72,1615,3,1615,49,599,0,599,12,500,1,499,9,2500,14,2495,72,10000,217,9873,318,1411,4,1406,9,61144366.0,20,1.0
2025-11-12,3323,4,3323,50,1623,2,1623,37,606,0,606,10,500,1,499,10,2500,13,2495,58,10000,237,9882,325,1411,4,1406,7,62664891.0,12,1.0
2025-11-13,3331,8,3331,86,1595,3,1595,63,607,0,607,9,500,0,500,6,2500,23,2498,98,10003,252,9902,372,1411,4,1407,41,61034903.5,4,1.0
2025-11-14,3329,7,3329,87,1595,3,1595,62,608,1,608,7,500,0,500,6,2500,23,2498,95,10001,309,9905,449,1411,4,1409,42,62108687.0,16,1.0
2025-11-15,3332,10,3332,58,1563,2,1563,30,609,0,609,9,500,1,500,9,2500,28,2499,70,10001,292,9916,396,1413,3,1410,5,59556217.0,2,1.0
2025-11-16,3326,8,3326,110,1558,3,1558,44,611,0,611,12,500,1,500,9,2500,31,2499,124,10000,391,9925,628,1413,4,1411,43,51074309.0,22,1.0
2025-11-17,3351,8,3351,106,1571,3,1571,40,622,1,622,16,500,0,500,12,2500,39,2499,120,10002,628,9931,828,1413,5,1411,36,49967013.0,14,1.0
2025-11-18,3345,6,3345,56,1591,3,1591,26,630,0,630,10,500,0,500,4,2500,18,2499,64,10000,267,9932,357,1413,5,1411,24,58842357.0,4,1.0
2025-11-19,3351,4,3351,45,1591,2,1591,31,635,0,635,11,500,0,500,6,2500,12,2496,43,10002,253,9926,332,1414,5,1411,7,62936391.0,130,1.0
2025-11-20,3440,4,3440,61,1622,1,1622,39,645,0,645,15,500,0,500,8,2500,10,2496,57,10001,224,9929,323,1413,3,1410,4,61291865.0,2,1.0
2025-11-21,3428,6,3428,61,1623,2,1623,39,645,0,645,12,500,0,500,6,2500,15,2496,61,10000,241,9929,354,1416,3,1411,6,58710176.5,4,1.0
2025-11-22,3458,7,3458,77,1637,3,1637,45,656,0,656,18,500,0,500,8,2500,5,2495,58,10000,231,9910,396,1419,3,1413,6,58905836.0,25,1.0
2025-11-23,3485,10,3485,131,1644,4,1644,69,665,1,665,30,500,0,500,15,2500,21,2496,101,10002,359,9883,626,1419,4,1413,12,50712975.0,76,1.0
2025-11-24,2061,4,2061,70,1172,3,1172,52,528,1,528,25,500,1,500,19,2500,18,2490,94,10000,305,9851,477,849,2,844,12,44013560.0,2,1.0
2025-11-25,3490,5,3490,91,1648,1,1648,63,673,0,673,29,500,0,500,15,2500,3,2496,71,10000,159,9866,302,1420,3,1413,10,55455434.5,83,2.0
2025-11-26,3529,2755,3529,2777,1663,1194,1663,1214,671,441,671,453,500,317,500,325,2500,1872,2498,1892,10000,8250,9885,8167,1421,1094,1414,1092,28892841.0,3,1.0
2025-11-27,3416,1,3416,51,1622,0,1622,34,657,0,657,16,500,0,500,8,2500,3,2496,41,10000,88,9856,165,1423,3,1414,6,93765967.0,4,1.0
2025-11-28,3480,5,3480,72,1639,2,1639,45,656,0,656,20,500,0,500,8,2500,12,2495,67,10002,155,9848,322,1425,2,1415,6,54953933.0,11,1.0
2025-11-29,3477,2,3477,66,1633,0,1633,46,649,0,649,25,500,0,499,12,2500,6,2495,62,10000,132,9859,253,1425,3,1419,6,53715196.0,2,1.0
2025-11-30,3426,2,3426,112,1630,1,1630,68,646,0,646,27,500,0,498,13,2500,10,2494,103,10000,167,9879,442,1427,3,1419,23,46165122.0,1,1.0
2025-12-01,3395,287,3395,433,1602,48,1602,114,634,28,634,60,500,21,498,37,2500,109,2493,202,10001,531,9879,800,1427,235,1419,298,43682541.0,16,1.0
2025-12-02,3385,3,3385,43,1629,2,1629,34,625,2,625,17,500,0,498,6,2500,4,2492,41,10001,131,9881,210,1429,3,1419,3,61558753.0,4,1.0
2025-12-03,3429,12,3429,358,1651,7,1651,85,623,7,623,43,500,7,497,27,2500,7,2489,125,10001,137,9888,557,1430,14,1420,268,57975265.0,7,1.0
2025-12-05,3449,327,3449,445,1667,52,1667,110,629,27,629,47,500,18,498,32,2500,98,2491,176,10000,543,9850,788,1434,256,1423,305,23582943.5,4,2.0
2025-12-09,3414,1,3414,406,1631,0,1631,92,614,0,614,44,500,0,499,24,2500,1,2481,104,10004,17,9792,479,1435,1,1425,303,68322759.0,6,4.0
2025-12-10,3396,35,3396,416,1629,5,1629,100,619,3,619,45,500,1,499,28,2500,16,2475,144,10000,394,9740,897,1437,27,1424,305,58459840.0,107,1.0
2025-12-11,3338,572,3338,766,1611,214,1611,287,582,81,582,92,500,72,500,93,2500,361,2480,462,10001,1860,9745,2160,1438,311,1427,445,43802414.0,8,1.0
2025-12-12,3133,6,3133,156,1556,2,1556,44,579,0,579,14,500,0,500,15,2500,7,2479,140,10000,255,9727,760,1439,9,1427,300,52043656.0,43,1.0
2025-12-13,3103,9,3103,132,1566,1,1566,78,587,0,587,14,500,0,500,12,2500,24,2478,138,10001,380,9722,609,1439,118,1429,191,64813511.0,1,1.0
2025-12-14,3107,13,3107,126,1580,1,1580,56,588,0,588,21,500,5,499,19,2500,85,2477,170,10000,889,9730,1226,1442,284,1429,292,46912455.0,1,1.0
2025-12-15,3161,11,3161,135,1614,2,1614,62,588,2,588,22,500,2,499,16,2500,18,2487,115,10000,451,9771,712,1442,13,1433,31,55812974.0,4,1.0
2025-12-16,3061,4,3061,52,1578,0,1578,31,570,0,570,12,500,0,499,7,2500,10,2490,52,10000,425,9787,519,1442,1,1434,2,63767603.0,6,1.0
2025-12-17,3102,2335,3102,2345,1596,1137,1596,1145,579,385,579,387,500,323,500,326,2500,1844,2497,1852,10002,8241,9865,8122,1444,1103,1437,1096,16942530.0,84,1.0
2025-12-18,3021,2,3021,52,1558,0,1558,29,556,0,556,8,500,0,500,9,2500,11,2498,55,10000,387,9862,463,1445,1,1438,2,35892837.0,3,1.0
2025-12-19,3067,0,3067,5,1567,0,1567,0,561,0,561,0,500,0,500,0,2500,4,2489,10,10001,137,9860,168,1445,1,1439,1,113533495.0,8,1.0
2025-12-20,3200,5,3200,70,1632,2,1632,42,589,1,589,14,500,1,500,11,2500,15,2489,68,10000,426,9868,584,1445,1,1439,4,55739488.0,4,1.0
2025-12-21,3164,10,3164,122,1627,3,1627,70,597,0,597,26,500,1,500,16,2500,13,2492,107,10000,536,9868,809,1447,1,1442,9,46096906.0,3,1.0
2025-12-22,3096,12,3096,183,1583,4,1583,118,588,0,588,26,500,0,500,19,2500,16,2489,161,10002,461,9886,800,1447,1,1442,53,41461415.0,30,1.0
2025-12-23,3097,8,3097,86,1591,4,1591,53,600,1,600,15,500,1,500,10,2500,8,2480,66,10001,400,9860,560,1450,1,1442,5,50681170.0,2,1.0
2025-12-24,3426,14,3426,88,1606,4,1606,52,597,0,597,20,500,0,500,12,2500,12,2484,70,10003,431,9875,570,1451,1,1444,5,50082433.0,45,1.0
2025-12-25,3465,16,3465,117,1902,5,1902,73,591,0,591,22,500,0,500,15,2500,21,2487,104,10002,592,9880,806,1454,1,1445,11,45139092.0,1,1.0
2025-12-26,3412,14,3412,130,1880,8,1880,82,597,0,597,29,500,0,500,19,2500,23,2487,120,10000,630,9873,893,1454,2,1445,14,42559607.0,21,1.0
2025-12-27,3325,14,3325,88,1847,7,1847,56,582,0,582,19,500,0,500,14,2500,24,2488,90,10001,500,9879,656,1454,2,1445,7,40898080.0,3,1.0
2025-12-28,3279,10,3279,106,1815,6,1815,60,570,0,570,21,500,0,500,19,2500,18,2488,96,10004,524,9899,769,1454,1,1447,12,37370410.0,12,1.0
2025-12-29,3261,13,3261,166,1805,6,1805,103,558,1,558,22,500,1,500,17,2500,28,2487,166,10002,602,9910,896,1454,2,1447,63,34857796.0,1,1.0
2025-12-30,3215,5,3215,55,1781,3,1781,29,547,0,547,12,500,0,500,8,2500,13,2496,55,10000,469,9940,569,1454,1,1450,3,48916297.0,6,1.0
2025-12-31,3191,7,3191,63,1763,4,1763,31,545,0,545,10,500,0,500,6,2500,15,2497,56,10000,492,9945,591,1454,1,1451,2,51969529.0,9,1.0
2026-01-01,3306,8,3306,84,1795,3,1795,39,563,1,563,14,500,3,500,10,2500,13,2499,64,10001,500,9958,642,1454,1,1454,3,49121962.0,2,1.0
2026-01-02,3225,16,3225,107,1783,5,1783,53,564,0,564,18,500,2,500,12,2500,23,2499,83,10000,560,9967,765,1455,2,1454,9,40027907.0,1,1.0
2026-01-03,3119,4,3119,72,1724,0,1724,37,546,0,546,17,500,0,500,8,2500,8,2499,59,10002,347,9970,496,1455,2,1454,4,46334722.0,5,1.0
2026-01-04,3113,23,3113,165,1737,15,1737,126,557,2,557,32,500,4,500,29,2500,45,2499,175,10001,405,9959,655,1455,3,1454,58,40136999.0,5,1.0
2026-01-05,3069,20,3069,172,1734,10,1734,129,552,1,552,33,500,3,500,32,2500,35,2499,174,10003,349,9950,583,1455,2,1454,57,35619740.0,4,1.0
2026-01-06,3059,17,3059,126,1726,12,1726,103,546,1,546,20,500,3,500,20,2500,35,2498,136,10001,457,9948,601,1455,2,1454,49,52144579.0,2,1.0
2026-01-07,3061,4,3061,131,1736,4,1736,97,536,1,536,15,500,1,500,17,2500,13,2497,123,10000,302,9936,466,1458,2,1453,42,59180210.0,22,1.0
2026-01-08,3070,14,3070,153,1749,12,1749,121,536,2,536,18,500,3,500,23,2500,30,2498,158,10000,389,9935,568,1459,1,1454,52,39794453.5,13,1.0
2026-01-09,3067,14,3067,104,1744,13,1744,82,533,3,533,24,500,4,500,31,2500,25,2499,107,10003,423,9925,559,1462,2,1455,13,37990107.0,2,1.0
2026-01-10,3091,18,3091,99,1755,13,1755,75,526,2,526,22,500,4,499,25,2500,28,2496,102,10001,275,9918,406,1465,0,1455,10,59847532.0,46,1.0
2026-01-11,3122,21,3122,109,1769,15,1769,79,538,5,538,25,500,6,499,30,2500,42,2496,119,10001,442,9925,624,1465,1,1455,19,50096052.0,266,1.0
2026-01-12,3115,14,3115,84,1748,6,1748,52,523,4,523,15,500,4,499,14,2500,38,2494,96,10005,441,9926,629,1466,0,1455,9,45584781.0,1,1.0
2026-01-13,3136,6,3136,47,1755,5,1755,31,528,2,528,6,500,3,499,8,2500,22,2494,55,10000,213,9932,311,1466,2,1455,3,64672296.0,3,1.0
2026-01-14,3173,2,3173,37,1758,1,1758,26,536,0,536,8,500,0,500,7,2500,19,2494,47,10002,319,9939,390,1467,0,1459,1,66463483.0,47,1.0
2026-01-15,3222,9,3222,49,1773,6,1773,29,536,1,536,7,500,4,500,8,2500,27,2490,54,10000,156,9935,247,1468,0,1459,1,66202107.0,26,1.0
2026-01-16,3316,5,3316,47,1823,4,1823,28,548,0,548,8,500,4,500,8,2500,27,2494,59,10000,355,9930,461,1469,1,1462,1,68603475.0,9,1.0
2026-01-17,3425,1,3425,65,1863,0,1863,36,565,0,565,14,500,0,500,13,2500,4,2496,56,10001,314,9881,441,1478,2,1465,2,50957909.0,2,1.0
2026-01-18,3483,11,3483,97,1873,4,1873,45,576,0,576,17,500,5,500,18,2500,37,2495,93,10000,155,9859,408,1478,4,1465,7,38149193.0,56,1.0
2026-01-19,3492,11,3492,149,1888,4,1888,93,582,1,582,17,500,6,500,18,2500,39,2498,145,10002,471,9864,719,1478,5,1466,51,40746300.0,26,1.0
2026-01-20,3483,4,3483,106,1887,0,1887,68,578,0,578,16,500,1,500,11,2500,22,2498,103,10000,300,9847,467,1478,4,1466,47,58033408.0,2,1.0
2026-01-21,3494,6,3494,78,1899,2,1899,34,584,0,584,18,500,1,500,10,2500,14,2495,56,10000,278,9833,402,1483,2,1467,7,61354129.0,43,1.0
2026-01-22,3528,4,3528,52,1921,2,1921,30,590,0,590,14,500,0,500,8,2500,6,2491,38,10000,263,9807,330,1484,3,1468,5,61270610.0,48,1.0
2026-01-23,3602,2,3602,58,1960,2,1960,34,604,1,604,16,500,2,500,10,2500,7,2489,40,10000,250,9808,338,1491,2,1469,4,61227821.0,11,1.0
2026-01-24,3665,1,3665,56,2007,0,2007,31,612,0,612,14,500,0,500,7,2500,2,2489,34,10000,226,9846,316,1491,2,1478,3,64594757.0,129,1.0
2026-01-25,3673,18,3673,98,2013,3,2013,44,613,1,613,14,500,3,500,12,2500,29,2488,79,10000,394,9848,576,1491,4,1478,13,55777443.0,4,1.0
2026-01-26,3682,6,3682,94,2015,4,2015,48,611,0,611,14,500,0,499,5,2500,7,2485,63,10000,328,9846,549,1491,2,1478,10,NaN,2,1.0
2026-01-27,3690,2,3690,49,2026,2,2026,30,620,0,620,10,500,0,499,5,2500,7,2485,38,10002,200,9847,321,1489,2,1476,4,65148123.0,72,1.0
2026-01-28,3738,1919,3738,1943,2041,1028,2041,1042,626,192,626,197,500,133,500,138,2500,1188,2490,1197,10000,5303,9873,5246,1493,741,1482,732,29985535.5,8,1.0
2026-01-29,3660,2,3660,64,1995,1,1995,38,615,0,615,14,500,1,500,9,2500,31,2490,74,10001,338,9896,486,1496,1,1484,6,25067377.0,33,1.0
2026-01-30,3636,14,3636,92,1969,8,1969,49,604,0,604,19,500,0,500,10,2500,36,2496,90,10001,552,9914,740,1502,3,1491,6,19098657.0,30,1.0
2026-02-01,3546,4,3546,81,1908,2,1908,43,594,0,594,18,500,1,500,8,2500,18,2494,70,10000,285,9918,457,1502,1,1491,2,37644641.0,11,2.0
2026-02-02,3467,11,3467,106,1875,4,1875,54,576,0,576,20,500,0,500,9,2500,19,2493,81,10000,371,9898,627,1503,2,1491,13,48045579.0,108,1.0
2026-02-03,3507,14,3507,65,1887,7,1887,32,582,3,582,11,500,3,500,5,2500,27,2494,60,10000,398,9885,494,1504,6,1491,6,62638720.0,2,1.0
2026-02-04,3601,6,3601,55,1921,3,1921,31,595,0,595,9,500,0,499,5,2500,15,2492,49,10000,316,9867,425,1505,1,1491,1,69709161.0,2,1.0
2026-02-05,3636,4,3636,63,1945,3,1945,38,611,0,611,13,500,0,499,7,2500,14,2491,56,10002,322,9921,450,1508,1,1489,1,62862591.0,2,1.0
2026-02-06,3628,3,3628,53,1949,2,1949,23,607,0,607,7,500,0,500,4,2500,18,2492,51,10003,319,9846,421,1516,3,1497,2,NaN,53,1.0
2026-02-07,3627,3,3627,45,1977,2,1977,26,602,0,602,5,500,0,500,6,2500,19,2492,54,10001,307,9827,391,1515,2,1502,3,65675173.0,11,1.0
2026-02-08,3610,10,3610,80,1990,2,1990,34,613,0,613,8,500,0,500,11,2500,12,2491,62,10001,388,9819,531,1515,2,1502,3,54692221.0,7,1.0
2026-02-09,3558,6,3558,108,1953,1,1953,69,607,0,607,7,500,1,500,12,2501,16,2493,102,10000,349,9824,518,1515,2,1503,42,53370823.0,5,1.0
2026-02-10,3569,3,3569,82,1970,0,1970,57,611,0,611,4,500,0,500,6,2500,4,2493,72,10001,298,9849,396,1515,2,1504,41,61908368.0,28,1.0
2026-02-11,3654,2466,3654,2477,2013,1317,2013,1320,627,326,627,328,500,236,500,238,2500,1604,2494,1605,10001,7147,9862,7032,1515,995,1505,985,39794641.0,9,1.0
2026-02-12,3586,2,3586,60,1996,0,1996,40,624,0,624,3,500,0,500,2,2500,7,2500,53,10000,166,9883,247,1515,2,1512,24,91579080.0,6,1.0
2026-02-13,3735,6,3735,90,2076,3,2076,63,654,0,654,10,500,0,500,6,2500,15,2498,86,10000,380,9873,499,1516,2,1514,37,67379571.0,2,1.0
2026-02-14,3767,3,3767,105,2109,1,2109,74,674,0,674,14,500,0,500,7,2500,13,2496,98,10001,355,9885,492,1516,2,1514,44,70506940.0,77,1.0
2026-02-15,3835,9,3835,140,2150,4,2150,89,693,0,693,19,500,0,500,10,2500,25,2496,121,10001,521,9873,746,1517,2,1514,40,57933774.0,5,1.0
2026-02-16,3832,12,3832,156,2125,4,2125,84,700,1,700,22,500,1,500,14,2500,22,2496,132,10000,486,9836,714,1517,4,1514,47,57043019.0,2,1.0
2026-02-17,3798,2,3798,79,2126,0,2126,46,704,0,704,16,500,0,500,7,2500,10,2496,61,10000,392,9821,498,1519,2,1514,9,57334863.0,1,1.0
2026-02-18,3802,4,3802,54,2115,1,2115,30,692,0,692,11,500,0,500,5,2500,12,2496,45,10000,422,9816,492,1519,2,1514,3,67861810.0,13,1.0
2026-02-19,3811,1,3811,56,2132,0,2132,28,693,0,693,6,500,0,500,4,2500,10,2493,40,10004,399,9788,456,1523,2,1515,2,85091509.0,7,1.0
2026-02-20,3867,5,3867,72,2150,1,2150,31,707,0,707,9,500,0,500,9,2500,7,2494,59,10001,388,9762,461,1524,2,1516,2,NaN,152,1.0
2026-02-21,3875,12,3875,80,2133,2,2133,31,712,0,712,13,500,1,500,8,2500,9,2492,61,10000,299,9758,394,1524,2,1516,4,69875002.0,9,1.0
2026-02-22,3900,7,3900,84,2142,0,2142,39,716,0,716,20,500,0,500,5,2500,4,2495,51,10001,467,9791,621,1525,2,1517,3,62275752.0,12,1.0
2026-02-23,3929,19,3929,125,2165,9,2165,75,732,1,732,28,500,1,500,14,2500,17,2495,98,10004,412,9801,599,1525,2,1517,5,59185140.0,5,1.0
2026-02-24,3931,2,3931,48,2169,0,2169,27,730,0,730,7,500,0,500,2,2500,0,2496,27,10001,157,9808,258,1525,2,1519,2,70215304.0,67,1.0
2026-02-25,3953,32,3953,92,2178,25,2178,66,723,0,723,10,500,0,500,5,2500,35,2495,82,10000,394,9824,491,1525,3,1519,4,71960311.0,3,1.0
2026-02-26,4040,43,4040,123,2208,29,2208,82,736,1,736,16,500,2,500,8,2500,41,2487,101,10000,463,9854,577,1535,2,1523,2,74489858.0,2,1.0
2026-02-27,4055,17,4055,135,2202,12,2202,86,736,0,736,18,500,0,500,10,2500,13,2486,112,10000,406,9862,562,1539,2,1524,19,74737737.0,30,1.0
2026-02-28,4060,12,4060,122,2214,6,2214,92,740,0,740,19,500,0,500,13,2500,9,2482,102,10002,299,9861,478,1543,2,1525,7,69625288.47058824,17,1.0
2026-03-01,4080,13,4080,178,2200,6,2200,101,722,2,722,22,500,1,500,14,2500,13,2483,139,10000,454,9842,735,1543,2,1526,29,58542625.0,51,1.0
2026-03-02,4067,40,4067,155,2213,31,2213,95,728,2,728,23,500,2,500,14,2500,43,2480,121,10001,265,9820,485,1543,2,1526,30,53688883.0,18,1.0
2026-03-03,4072,29,4072,88,2213,18,2213,59,731,0,731,14,500,0,499,8,2500,29,2478,69,10000,413,9796,512,1557,2,1526,6,71538944.0,50,1.0
2026-03-04,4104,2,4104,93,2235,0,2235,38,735,0,735,14,500,0,498,11,2500,1,2473,49,10001,246,9748,371,1569,2,1526,8,76311946.0,64,1.0
2026-03-05,4133,3,4133,60,2270,1,2270,36,747,0,747,13,500,0,500,7,2500,4,2485,42,10004,375,9778,470,1572,2,1536,5,73624314.0,22,1.0
2026-03-06,4143,4,4143,58,2246,1,2246,29,755,0,755,12,500,0,500,8,2500,2,2488,35,10002,292,9760,406,1573,2,1540,5,77731001.0,59,1.0
2026-03-07,4157,3,4157,59,2268,2,2268,28,763,0,763,13,500,0,499,6,2500,14,2486,42,10003,361,9769,450,1577,2,1543,5,75030554.0,5,1.0
2026-03-08,4183,12,4183,120,2317,1,2317,58,767,0,767,19,500,1,499,11,2500,6,2484,68,10000,470,9749,698,1578,2,1543,7,61990068.0,15,1.0
2026-03-09,4182,12,4182,171,2311,4,2311,110,772,0,772,21,500,2,499,13,2500,22,2484,121,10000,456,9745,690,1578,5,1543,56,55176528.0,5,1.0
2026-03-10,4189,10,4189,67,2283,6,2283,39,780,0,780,16,500,1,500,5,2500,10,2489,42,10000,396,9758,481,1578,2,1557,4,74853713.0,4,1.0
2026-03-11,4198,6,4198,79,2309,2,2309,43,789,0,789,17,500,1,500,8,2500,11,2493,51,10001,388,9803,478,1578,2,1569,4,81063590.0,6,1.0
2026-03-12,4231,5,4231,71,2359,4,2359,42,796,0,796,18,500,1,500,8,2500,8,2495,43,10002,382,9785,469,1581,2,1572,3,78958321.0,99,1.0
2026-03-13,4253,9,4253,69,2362,4,2362,40,803,0,803,17,500,0,500,8,2500,15,2495,50,10001,380,9791,460,1581,2,1573,3,74243105.0,4,1.0
2026-03-14,4258,9,4258,84,2383,4,2383,47,806,0,806,16,500,1,500,9,2500,14,2499,60,10001,366,9788,468,1581,2,1577,5,76076482.0,2,1.0
2026-03-15,4263,4,4263,124,2375,1,2375,63,811,0,811,23,500,2,500,13,2500,8,2498,75,10004,348,9787,593,1581,3,1578,6,60596063.0,21,1.0
2026-03-16,4255,11,4255,141,2375,4,2375,87,819,0,819,31,500,2,500,15,2500,17,2497,102,10001,446,9800,658,1581,2,1578,21,59704592.0,4,1.0
2026-03-18,4259,4,4259,113,2372,0,2372,82,824,0,824,26,500,1,500,13,2500,8,2494,93,10000,280,9806,466,1582,2,1578,39,54180584.5,20,2.0
2026-03-19,4232,1,4232,73,2356,0,2356,57,804,0,804,16,500,0,500,7,2500,1,2494,49,10000,99,9801,195,1584,2,1578,26,115685180.0,12,1.0
2026-03-20,4286,1,4286,103,2394,1,2394,78,815,0,815,17,500,0,500,6,2500,3,2497,71,10001,114,9827,261,1585,2,1581,40,76160631.0,46,1.0
2026-03-21,4305,4,4305,79,2392,2,2392,54,817,0,817,19,500,1,500,8,2500,6,2496,54,10000,265,9838,394,1586,2,1581,8,72297045.0,3,1.0
2026-03-22,4307,11,4307,117,2384,5,2384,62,809,0,809,23,500,1,500,12,2500,12,2496,65,10001,248,9862,494,1586,2,1581,5,59657380.0,2,1.0
2026-03-23,4283,11,4283,138,2348,5,2348,75,790,0,790,22,500,2,500,15,2500,12,2496,77,10001,231,9870,483,1587,2,1581,13,54180747.0,13,1.0
2026-03-24,4258,2,4258,65,2332,1,2332,36,775,0,775,9,500,2,500,7,2500,9,2496,39,10000,143,9862,240,1587,2,1581,4,69120880.0,6,1.0
2026-03-25,4319,2,4319,62,2353,0,2353,31,795,0,795,10,500,0,500,6,2500,4,2497,34,10001,126,9870,262,1588,2,1582,4,74657528.0,6,1.0
2026-03-26,4354,2,4354,131,2374,0,2374,88,796,0,796,10,500,0,500,6,2500,3,2498,82,10000,180,9907,394,1588,2,1584,52,69621741.0,5,1.0
2026-03-27,4359,5,4359,94,2356,1,2356,40,784,0,784,11,500,1,500,6,2500,14,2497,48,10000,208,9914,359,1588,2,1585,3,74662662.0,82,1.0
2026-03-28,4342,1,4342,101,2351,0,2351,37,780,0,780,14,500,0,500,6,2500,2,2498,36,10000,171,9913,309,1590,2,1586,3,78503581.0,106,1.0
2026-03-29,4343,4,4343,131,2349,1,2349,51,783,0,783,14,500,1,500,7,2500,7,2499,49,10001,212,9898,431,1590,2,1586,4,66113494.0,357,1.0
2026-03-30,4326,8,4326,114,2330,1,2330,46,774,0,774,14,500,0,500,7,2500,6,2498,54,10000,249,9891,480,1590,2,1587,6,60724576.0,2,1.0
2026-03-31,4356,2,4356,107,2361,0,2361,55,781,0,781,12,500,0,500,6,2500,1,2497,46,10000,181,9893,348,1593,2,1587,2,60440062.0,2,1.0
2026-04-01,4406,68,4406,444,2392,33,2392,231,791,2,791,52,500,3,500,35,2500,48,2500,269,10001,741,9901,1496,1594,19,1589,121,NaN,2,1.0
2026-04-18,4350,0,4350,65,2374,0,2374,44,787,0,787,14,500,0,500,2,2501,0,2491,35,10001,6,9789,82,1594,1,1588,2,76485158.94117647,128,17.0
2026-04-19,4308,16,4308,204,2365,6,2365,119,784,0,784,42,500,0,486,13,2500,8,2412,108,10000,171,9106,432,1668,0,1588,8,82112604.0,34,1.0
2026-04-20,4260,13,4260,202,2352,10,2352,134,776,1,776,49,500,2,486,21,2500,12,2410,121,10003,182,9096,490,1669,1,1590,10,76512819.21052632,68,1.0
2026-04-21,4222,3,4222,155,2336,0,2336,108,760,0,760,37,500,0,485,16,2500,1,2407,93,10000,106,9095,315,1669,1,1590,10,80138358.0,42,1.0
2026-04-22,4268,9,4268,154,2356,6,2356,121,772,1,772,37,500,0,485,18,2500,6,2402,107,10001,124,9088,306,1673,1,1590,31,93960694.0,21,1.0
2026-04-24,4302,3,4302,111,2386,1,2386,78,791,0,791,35,500,0,483,15,2500,0,2394,66,10001,91,9039,231,1673,0,1593,4,94533011.5,60,2.0
2026-04-25,4341,9,4341,155,2369,5,2369,107,795,0,795,33,500,0,482,14,2500,5,2385,84,10003,158,8967,321,1687,0,1593,30,92766303.0,5,1.0
2026-04-26,4394,12,4394,112,2356,2,2356,56,790,0,790,18,500,0,482,6,2500,15,2382,74,10000,269,8979,413,1688,0,1594,6,85233115.0,6,1.0
2026-04-27,4561,3,4561,114,2455,2,2455,57,829,0,829,18,500,0,500,14,2500,4,2488,63,10000,145,9822,377,1691,0,1668,8,86406520.0,38,1.0
2026-04-28,4471,3,4471,60,2423,2,2423,34,830,0,830,10,500,0,498,10,2501,2,2486,38,10002,169,9819,280,1692,1,1670,2,NaN,4,1.0
2026-04-29,4467,2373,4467,2392,2424,1217,2424,1223,830,326,830,330,500,184,498,184,2500,1243,2486,1238,10000,5730,9823,5582,1692,909,1669,887,60804879.0,42,1.0
2026-04-30,4438,2,4438,34,2414,0,2414,20,835,0,835,8,500,0,497,5,2500,0,2485,24,10000,89,9804,143,1695,0,1672,1,136495480.0,2,1.0
2026-05-01,4543,2,4543,59,2482,1,2482,30,877,0,877,12,500,0,497,8,2500,2,2485,36,10002,134,9808,224,1705,0,1673,5,97916140.0,31,1.0
2026-05-02,4660,9,4660,70,2566,4,2566,43,915,1,915,16,500,2,500,6,2500,8,2496,48,10002,150,9914,302,1707,0,1687,4,82521185.0,5,1.0
2026-05-03,4723,6,4723,101,2620,3,2620,64,930,0,930,29,500,0,500,10,2500,5,2496,63,10000,177,9904,408,1709,1,1688,12,NaN,181,1.0
2026-05-04,4679,12,4679,149,2608,3,2608,93,924,0,924,27,500,2,500,10,2500,15,2495,76,10000,235,9901,480,1710,1,1691,31,74951125.0,6,1.0
2026-05-05,4648,6,4648,67,2588,1,2588,49,916,1,916,19,500,2,500,8,2500,12,2495,56,10000,145,9904,266,1710,1,1691,4,84708016.0,103,1.0
2026-05-06,4720,4,4720,58,2615,2,2615,39,926,1,926,17,500,1,500,4,2500,6,2494,39,10000,75,9910,170,1710,0,1692,2,93636768.0,99,1.0
2026-05-07,4774,4,4774,57,2615,2,2615,38,934,2,934,21,500,2,500,4,2500,5,2497,40,10000,91,9911,188,1713,0,1696,2,97249920.0,4,1.0
2026-05-08,4792,4,4792,63,2622,2,2622,47,928,1,928,19,500,1,500,4,2500,2,2496,42,10001,90,9914,202,1715,0,1705,1,93172494.5,87,1.0
2026-05-09,4788,7,4788,75,2649,3,2649,46,928,2,928,20,500,1,500,5,2500,10,2497,50,10001,142,9907,254,1715,1,1707,1,87985984.0,5,1.0
2026-05-10,4779,8,4779,105,2637,4,2637,67,937,2,937,22,500,1,500,6,2500,6,2497,56,10000,139,9908,309,1715,0,1709,15,77424482.0,2,1.0
2026-05-11,4759,11,4759,137,2626,3,2626,94,943,1,943,27,500,1,500,6,2500,14,2498,70,10000,210,9907,462,1715,0,1710,39,71145075.0,5,1.0
2026-05-12,4762,2430,4762,2460,2637,1270,2637,1294,938,352,938,361,500,170,500,171,2500,1187,2498,1205,10001,5430,9916,5392,1715,896,1710,891,62387847.0,18,1.0
2026-05-13,4739,3,4739,49,2598,3,2598,35,918,1,918,12,500,0,500,6,2500,5,2494,34,10000,69,9896,134,1719,0,1710,1,114202907.0,211,1.0
2026-05-14,4859,4,4859,54,2687,2,2687,36,945,0,945,12,500,0,500,5,2500,1,2496,32,10000,108,9899,197,1720,0,1713,1,98205484.0,8,1.0
2026-05-15,4832,10,4832,93,2657,3,2657,48,946,0,946,18,500,0,500,5,2500,5,2497,45,10000,118,9916,259,1720,1,1715,4,95798309.0,5,1.0
2026-05-19,4806,0,4806,66,2657,0,2657,45,937,0,937,22,500,0,500,9,2500,1,2496,37,10002,23,9888,126,1721,0,1715,2,84084895.0,29,4.0
2026-05-20,4827,7,4827,90,2669,2,2669,58,932,0,932,25,500,0,500,8,2500,6,2494,56,10000,108,9881,240,1726,0,1715,4,89368111.0,5,1.0
2026-05-21,4873,9,4873,88,2689,4,2689,59,949,1,949,24,500,0,500,7,2500,9,2493,57,10000,118,9868,246,1728,1,1716,6,NaN,10,1.0
2026-05-22,4928,1,4928,77,2710,1,2710,46,961,0,961,18,500,0,500,4,2500,2,2492,45,10000,15,9859,130,1729,0,1715,4,95002815.0,16,1.0
2026-05-23,4935,10,4935,101,2729,5,2729,59,969,2,969,24,500,1,500,8,2500,14,2495,65,10000,139,9860,288,1729,2,1719,7,91035030.0,12,1.0
2026-06-11,4920,1,4920,118,2709,1,2709,61,966,0,966,19,500,0,499,4,2500,0,2478,59,10002,9,9750,264,1732,1,1721,9,69900035.4736842,205,19.0
2026-06-12,4895,5,4895,299,2670,3,2670,146,948,2,948,68,500,0,498,24,2500,3,2457,118,10000,31,9479,599,1798,1,1720,61,124176683.0,20,1.0
2026-06-13,4918,2,4918,4660,2702,1,2702,2585,960,0,960,901,500,0,497,449,2500,0,2439,2251,10000,52,9311,8516,1801,0,1721,1633,-485235485.0,23,1.0
2026-06-14,4820,8,4820,118,2644,2,2644,73,930,0,930,27,500,0,496,4,2500,5,2443,55,10000,91,9347,247,1809,0,1726,2,96366224.0,25,1.0
2026-06-15,4845,8,4845,129,2669,2,2669,70,946,1,946,28,500,0,496,4,2500,4,2436,53,10000,68,9346,268,1810,1,1727,2,103978257.0,26,1.0
2026-06-16,4899,8,4899,129,2706,5,2706,76,958,0,958,33,500,0,496,5,2500,5,2432,59,10001,101,9366,277,1811,3,1729,6,74674305.0,24,1.0
2026-06-17,4926,1,4926,16,2738,1,2738,8,966,1,966,4,500,0,497,1,2500,1,2437,8,10000,24,9475,48,1813,2,1730,1,NaN,3,1.0
2026-06-18,5023,83,5023,83,2801,61,2801,61,979,37,979,37,500,24,495,24,2500,60,2436,60,10000,125,9472,124,1816,46,1731,46,367674245.0,26,1.0
2026-06-19,5425,1,5425,3,3029,1,3029,3,1070,0,1070,0,500,0,500,0,2500,1,2496,3,10000,15,9922,17,1819,0,1798,0,417951286.0,27,1.0
2026-06-20,5660,90,5660,272,3181,64,3181,170,1158,40,1158,91,500,24,500,30,2500,61,2495,149,10000,181,9926,462,1821,48,1801,51,82509763.0,2,1.0
2026-06-21,5666,89,5666,145,3173,65,3173,96,1174,40,1174,47,500,25,500,27,2500,66,2497,94,10001,165,9939,266,1823,48,1809,48,NaN,9,1.0
2026-06-22,5668,15,5668,157,3178,5,3178,84,1175,1,1175,24,500,0,500,2,2500,5,2497,77,10000,71,9941,300,1823,3,1810,7,129798022.0,7,1.0
2026-06-23,5663,10,5663,141,3163,1,3163,75,1162,0,1162,20,500,0,500,3,2500,1,2497,68,10000,73,9942,302,1824,2,1811,2,87964089.0,9,1.0
2026-06-24,5625,1,5625,49,3140,1,3140,25,1151,0,1151,7,500,0,500,0,2500,0,2498,25,10001,39,9947,136,1827,1,1812,1,163629043.0,6,1.0
2026-06-25,5760,91,5760,256,3217,69,3217,163,1196,42,1196,74,500,26,500,38,2500,62,2498,153,10000,235,9960,573,1829,53,1816,69,56845028.0,49,1.0
2026-06-26,5677,11,5677,177,3194,4,3194,118,1196,3,1196,75,500,2,500,35,2500,7,2497,113,10000,83,9957,330,1832,1,1819,21,104992714.0,2,1.0
2026-06-27,5570,4,5570,96,3126,0,3126,55,1157,0,1157,21,500,0,500,7,2500,0,2495,54,10000,78,9935,225,1837,1,1821,10,93943150.0,8,1.0
2026-06-28,5659,19,5659,178,3168,8,3168,115,1178,3,1178,72,500,0,500,33,2500,8,2496,118,10001,104,9927,375,1838,2,1823,21,81869674.0,37,1.0
2026-06-29,5594,13,5594,201,3137,6,3137,128,1157,3,1157,74,500,1,500,37,2500,5,2494,136,10000,121,9920,459,1838,3,1823,25,73538794.0,15,1.0
2026-06-30,5492,14,5492,251,3076,2,3076,145,1126,0,1126,71,500,0,500,40,2500,4,2492,139,10000,136,9918,564,1838,0,1824,36,61133519.0,5,1.0
2026-07-01,5478,2,5478,157,3057,1,3057,115,1095,0,1095,31,500,0,500,24,2500,1,2490,115,10002,40,9907,249,1855,1,1828,46,NaN,225,1.0
2026-07-02,5373,3,5373,123,2997,1,2997,87,1062,0,1062,10,500,0,500,12,2500,1,2489,85,10000,46,9900,232,1854,1,1829,44,99167870.5,10,1.0
2026-07-03,5243,4,5243,132,2954,0,2954,76,1029,0,1029,4,500,0,500,7,2500,0,2491,82,10000,57,9905,266,1856,2,1832,41,89166587.0,6,1.0
2026-07-04,5137,4,5137,116,2897,0,2897,65,1005,0,1005,5,500,0,500,5,2500,4,2496,71,10000,69,9926,238,1858,1,1837,38,93183986.0,251,1.0
2026-07-05,5142,7,5142,110,2890,1,2890,64,1002,0,1002,13,500,0,500,2,2500,4,2495,67,10000,77,9931,242,1859,2,1838,33,90771169.0,5,1.0
2026-07-06,5095,9,5095,110,2869,2,2869,61,998,0,998,17,500,1,500,2,2500,6,2492,63,10000,105,9918,273,1859,1,1838,20,106965388.0,3,1.0
2026-07-07,5080,50,5080,139,2871,24,2871,70,1009,6,1009,28,500,0,500,3,2500,22,2493,65,10000,150,9912,321,1858,8,1837,10,93390534.0,97,1.0
2026-07-08,5126,3183,5126,3194,2895,1757,2895,1763,1024,548,1024,550,500,228,500,228,2500,1429,2498,1432,10001,6311,9952,6288,1859,1149,1853,1143,119044990.0,9,1.0
2026-07-09,5041,0,5041,47,2831,0,2831,28,1001,0,1001,11,500,0,500,1,2500,2,2498,32,10000,18,9928,99,1860,0,1854,6,175216509.0,4,1.0
2026-07-10,5137,9,5137,110,2877,1,2877,62,1032,0,1032,21,500,0,500,2,2500,6,2499,56,10000,72,9928,233,1861,1,1856,2,100825455.0,2,1.0
2026-07-15,5115,0,5115,90,2867,0,2867,60,1027,0,1027,19,500,0,500,2,2500,0,2496,46,10000,7,9907,151,1862,0,1859,2,84006802.2,261,5.0
2026-07-16,5079,7,5079,126,2849,3,2849,72,1017,0,1017,25,500,0,498,4,2500,10,2492,71,10000,73,9894,280,1883,0,1859,6,89643637.0,6,1.0
2026-07-17,5105,7,5105,99,2842,1,2842,52,1012,1,1012,16,500,1,497,2,2500,1,2489,43,10000,40,9877,184,1886,1,1859,1,142906364.0,66,1.0
2026-07-18,5210,12,5210,131,2893,5,2893,64,1049,2,1049,21,500,1,496,3,2500,5,2486,56,10002,89,9886,276,1891,1,1859,3,97219035.0,32,1.0
2026-07-19,5248,32,5248,324,2923,9,2923,162,1075,2,1075,54,500,1,497,18,2500,9,2488,134,10000,278,9897,906,1891,1,1859,26,41566939.0,2,1.0
2026-07-20,5144,5144,5144,5144,2869,2869,2869,2869,1047,1047,1047,1047,500,500,497,497,2500,2500,2489,2489,10000,9999,9905,9904,1891,1891,1860,1860,NaN,11,1.0
2026-07-21,4963,20,4963,103,2758,14,2758,59,1005,8,1005,28,500,4,498,7,2500,14,2490,54,10000,101,9905,255,1894,10,1861,11,96287426.0,2,1.0
2026-07-22,4973,2384,4973,2398,2799,1331,2799,1341,1009,409,1009,413,500,178,498,177,2500,1089,2489,1086,10000,4968,9924,4917,1897,1009,1861,973,174048921.0,30,1.0
2026-07-23,4965,3,4965,37,2776,1,2776,18,1016,0,1016,6,500,0,500,2,2500,0,2493,16,10000,44,9947,98,1901,2,1883,2,172303393.0,2,1.0
2026-07-24,5082,3,5082,48,2829,1,2829,25,1034,0,1034,10,500,0,500,3,2500,1,2495,25,10000,91,9943,172,1905,1,1886,1,108158648.0,8,1.0
2026-07-25,5109,6,5109,64,2843,1,2843,37,1045,0,1045,14,500,0,500,4,2500,1,2495,36,10000,81,9950,184,1907,1,1891,3,96930783.0,9,1.0
2026-07-26,5124,11,5124,92,2825,1,2825,47,1042,0,1042,18,500,1,500,6,2500,5,2494,54,10000,117,9956,269,1911,1,1891,6,93595519.0,4,1.0
2026-07-27,5158,86,5158,195,2843,33,2843,100,1044,14,1044,34,500,4,500,11,2500,42,2494,115,10000,290,9950,487,1909,21,1889,25,85092342.0,2,1.0
2026-07-28,5061,3,5061,59,2790,1,2790,41,1012,0,1012,13,500,1,499,6,2500,2,2491,48,10000,73,9945,171,1911,1,1894,3,NaN,10,1.0
2026-07-29,5086,3991,5086,3995,2783,2136,2783,2138,1003,740,1003,741,500,355,499,355,2500,1872,2493,1867,10000,8175,9954,8138,1915,1495,1898,1479,45977988.0,19,1.0
2026-07-30,4999,1,4999,31,2744,0,2744,19,991,0,991,6,500,1,499,4,2500,2,2495,27,10000,23,9943,63,1917,1,1902,2,168316714.0,25,1.0
2026-07-31,5081,1,5081,56,2789,1,2789,31,1007,0,1007,10,500,1,500,3,2500,4,2495,33,10001,68,9945,170,1916,0,1904,1,NaN,26,1.0
2026-08-01,5070,10,5070,159,2795,3,2795,115,991,0,991,23,500,1,500,3,2500,14,2495,85,10002,259,9953,564,1923,1,1907,62,46389269.0,16,1.0
2026-08-02,4961,0,4961,79,2745,0,2745,57,959,0,959,7,500,0,500,0,2500,1,2490,25,10002,30,9938,132,1924,0,1911,35,157592635.0,365,1.0
2026-08-03,5184,1,5184,117,2849,0,2849,65,1006,0,1006,15,500,0,499,4,2500,1,2492,71,10001,66,9934,276,1925,0,1911,4,84948969.5,2,1.0
2026-08-04,5280,1,5280,73,2904,0,2904,46,1031,0,1031,9,500,0,499,1,2500,1,2491,54,10001,61,9915,192,1932,2,1911,3,103488730.0,237,1.0
2026-08-05,5295,3777,5295,3808,2914,2037,2914,2055,1038,662,1038,665,500,305,500,306,2500,1705,2494,1724,10000,7520,9927,7500,1931,1401,1915,1386,40865003.0,5,1.0
2026-08-06,5214,2,5214,105,2876,0,2876,53,1014,0,1014,16,500,0,494,3,2500,0,2483,71,10000,115,9915,332,1943,0,1917,6,73851803.0,8,1.0
2026-08-07,5155,1,5155,69,2838,1,2838,42,1002,0,1002,18,500,0,494,3,2500,8,2480,59,10000,201,9915,352,1949,6,1918,6,55506407.0,100,1.0
2026-08-08,5059,2,5059,71,2788,1,2788,38,964,1,964,17,500,0,494,4,2500,11,2484,49,10001,159,9927,294,1951,6,1924,8,62142832.0,467,1.0
2026-08-11,4978,1,4978,48,2735,0,2735,26,936,0,936,14,500,0,495,3,2500,0,2482,25,10000,22,9914,84,1954,4,1925,2,62440879.333333336,37,3.0
2026-08-12,4907,3863,4907,3867,2725,2103,2725,2104,919,662,919,662,500,360,495,355,2500,1910,2483,1894,10000,8197,9921,8125,1963,1544,1926,1507,45096193.0,5,1.0
2026-08-13,4779,0,4779,11,2671,0,2671,9,881,0,881,2,500,0,496,0,2500,0,2481,7,10000,39,9893,48,1965,4,1932,0,264222774.0,5,1.0
2026-08-14,4888,0,4888,29,2724,0,2724,15,897,0,897,5,500,0,496,0,2500,0,2477,25,10001,29,9879,80,1967,3,1932,0,150002547.0,15,1.0
2026-08-15,5240,4,5240,59,2916,3,2916,40,969,2,969,9,500,1,500,3,2500,2,2487,30,10001,76,9897,155,1973,6,1944,4,NaN,7,1.0
2026-08-16,5203,5,5203,139,2896,3,2896,71,976,1,976,15,500,0,499,6,2500,7,2482,68,10001,137,9863,349,1998,5,1948,10,80750440.0,85,1.0
2026-08-17,5105,12,5105,114,2848,5,2848,65,965,0,965,15,500,0,499,4,2500,4,2479,62,10000,146,9841,310,2002,2,1951,6,75667952.5,9,1.0
2026-08-18,5177,7,5177,75,2874,5,2874,50,985,0,985,12,500,0,498,2,2500,8,2476,64,10000,107,9833,231,2007,1,1954,5,88629538.0,7,1.0
2026-08-19,5107,2,5107,68,2825,0,2825,37,981,0,981,8,500,0,496,2,2500,5,2478,38,10001,89,9849,199,2011,1,1963,3,92598867.5,5,1.0
2026-08-20,5181,26,5181,142,2885,13,2885,97,1020,8,1020,23,500,4,494,6,2500,18,2475,94,10000,84,9841,242,2016,11,1965,53,91257520.0,165,1.0
2026-08-21,5177,1,5177,77,2900,0,2900,48,1028,0,1028,14,500,0,492,2,2500,1,2466,46,10001,105,9829,221,2043,1,1967,4,100364262.0,92,1.0
2026-08-22,5339,1,5339,81,2993,0,2993,57,1085,0,1085,17,500,0,489,3,2500,5,2467,54,10000,117,9823,244,2045,0,1971,7,94574256.0,4,1.0
2026-08-23,5440,0,5440,133,3034,0,3034,77,1126,0,1126,22,500,0,498,7,2500,3,2489,68,10000,46,9887,247,2046,1,1999,10,90009000.5,8,1.0
2026-08-24,5486,9,5486,155,3045,2,3045,85,1129,1,1129,21,500,1,496,12,2501,6,2490,98,10000,110,9897,307,2047,1,2002,15,83455199.0,47,1.0
2026-08-25,5495,1,5495,82,3049,1,3049,57,1139,0,1139,15,500,0,498,2,2500,6,2487,53,10001,76,9909,199,2048,1,2007,4,NaN,28,1.0
2026-08-27,5532,2,5532,85,3088,0,3088,59,1180,0,1180,15,500,0,497,2,2500,3,2484,48,10000,51,9906,177,2053,0,2011,5,76799917.33333333,6,2.0
2026-08-28,5581,5581,5581,5581,3104,3104,3104,3104,1191,1191,1191,1191,500,500,497,497,2500,2500,2487,2487,10000,9996,9919,9915,2072,2072,2016,2016,0.0,25,1.0
2026-08-29,5384,0,5384,26,2982,0,2982,18,1122,0,1122,8,500,0,500,1,2500,2,2498,16,10000,27,9930,64,2074,2,2043,2,170675353.0,70,1.0
2026-08-30,5406,0,5406,39,3001,0,3001,27,1133,0,1133,12,500,0,500,1,2500,0,2497,26,10000,28,9907,86,2080,2,2046,1,168028210.0,9,1.0
2026-08-31,5400,4,5400,187,2993,4,2993,120,1109,1,1109,22,500,0,500,6,2500,3,2495,115,10000,57,9906,369,2081,3,2046,51,68979061.0,3,1.0
2026-09-01,5355,3,5355,58,2978,3,2978,40,1109,1,1109,13,500,0,500,0,2500,3,2491,35,10001,33,9896,113,2082,4,2047,3,104892473.0,5,1.0
2026-09-02,5388,2922,5388,2973,3001,1632,3001,1668,1137,577,1137,589,500,214,500,218,2500,1278,2491,1291,10000,5585,9903,5574,2084,1233,2048,1202,39492949.0,13,1.0
2026-09-03,5291,3,5291,75,2957,3,2957,54,1103,1,1103,20,500,0,499,2,2500,2,2486,43,10000,32,9905,156,2086,3,2052,3,74046375.0,50,1.0
2026-09-04,5297,3,5297,25,2961,3,2961,24,1105,1,1105,8,500,0,499,0,2500,4,2493,19,10000,17,9929,43,2086,3,2071,3,190406492.0,10,1.0
2026-09-05,5412,2,5412,91,3017,1,3017,66,1131,0,1131,22,500,0,499,8,2500,1,2493,62,10000,38,9941,156,2088,0,2074,7,109251170.0,5,1.0
2026-09-06,5435,4,5435,129,3029,1,3029,74,1143,1,1143,24,500,0,499,7,2500,5,2497,81,10000,31,9949,228,2089,1,2080,7,65792655.0,5,1.0
2026-09-07,5303,0,5303,121,2960,0,2960,76,1108,0,1108,28,500,0,499,15,2500,2,2496,83,10000,41,9944,200,2093,2,2081,10,67323700.0,4,1.0
2026-09-08,5253,3,5253,53,2931,2,2931,34,1086,0,1086,14,500,0,499,3,2500,5,2496,38,10000,28,9944,92,2095,4,2084,5,NaN,16,1.0
2026-09-09,5355,4763,5355,4765,2987,2628,2987,2630,1097,974,1097,975,500,415,499,415,2500,2178,2496,2176,10000,9035,9951,8988,2097,1855,2084,1842,19179369.0,7,1.0
2026-09-10,5164,4,5164,19,2890,2,2890,15,1052,1,1052,7,500,0,500,2,2500,2,2498,15,10001,22,9936,36,2099,0,2087,0,NaN,110,1.0
2026-09-11,5477,1,5477,48,2990,0,2990,28,1122,0,1122,15,500,0,500,6,2501,1,2499,24,10000,36,9943,92,2101,0,2087,2,95249400.0,11,1.0
2026-09-12,5711,2,5711,75,3107,0,3107,41,1176,0,1176,23,500,0,500,7,2500,3,2496,40,10000,20,9938,117,2102,0,2088,3,91339484.0,64,1.0
2026-09-13,5582,2,5582,114,3053,1,3053,63,1145,1,1145,34,500,0,500,9,2500,4,2493,58,10000,28,9925,178,2106,0,2089,9,80144493.0,45,1.0
2026-09-14,5422,3,5422,119,2970,2,2970,75,1098,2,1098,30,500,0,500,8,2500,5,2494,66,10000,36,9928,190,2107,1,2093,11,77319626.0,15,1.0
2026-09-15,5458,4,5458,83,2982,3,2982,62,1097,1,1097,24,500,0,500,6,2500,4,2494,52,10000,30,9924,121,2109,1,2094,10,NaN,4,1.0
2026-09-16,5462,1,5462,12,2983,0,2983,7,1098,0,1098,2,500,0,500,1,2500,1,2495,8,10000,27,9927,41,2108,0,2097,0,114261673.0,30,1.0
2026-09-17,5727,3,5727,96,3122,2,3122,71,1153,1,1153,26,500,0,500,4,2500,2,2496,52,10000,31,9945,150,2113,0,2099,9,85485396.0,26,1.0
2026-09-18,5726,0,5726,81,3122,0,3122,56,1156,0,1156,22,500,0,500,4,2500,1,2496,46,10000,16,9954,120,2114,1,2101,6,91627426.0,7,1.0
2026-09-19,5654,3,5654,72,3056,1,3056,45,1119,0,1119,25,500,0,499,7,2500,3,2494,43,10001,28,9951,124,2118,1,2102,11,89862813.0,15,1.0
2026-09-20,5632,6,5632,110,3025,0,3025,66,1101,0,1101,25,500,0,499,7,2500,2,2498,56,10000,41,9948,174,2119,0,2106,14,75719582.0,432,1.0
2026-09-21,5661,1,5661,98,3025,0,3025,58,1105,0,1105,26,500,0,499,9,2500,2,2496,48,10000,22,9946,139,2122,0,2107,15,76522795.0,3,1.0
2026-09-22,5686,3,5686,86,3031,0,3031,62,1111,0,1111,32,500,0,498,9,2500,2,2497,54,10000,21,9940,115,2122,0,2105,27,87108293.0,6,1.0
2026-09-23,5684,3,5684,67,3052,0,3052,44,1096,0,1096,19,500,0,498,4,2500,3,2496,35,10000,37,9944,123,2131,1,2108,7,91205982.5,3,1.0
2026-09-24,5774,5,5774,93,3131,4,3131,61,1121,0,1121,24,500,0,498,8,2500,1,2495,41,10000,30,9935,145,2134,1,2113,13,91833554.0,55,1.0
2026-09-25,5686,6,5686,120,3086,4,3086,71,1104,0,1104,25,500,0,498,8,2500,2,2495,47,10000,47,9928,205,2136,1,2113,19,69697719.0,99,1.0
2026-09-26,5664,1,5664,87,3030,0,3030,49,1091,0,1091,22,500,0,498,8,2500,1,2495,37,10000,22,9926,141,2142,0,2118,13,91737976.5,2,1.0
2026-09-27,5673,2,5673,149,3035,1,3035,79,1086,0,1086,32,500,0,498,9,2500,2,2495,58,10000,32,9917,230,2142,0,2119,23,72989284.0,2,1.0
2026-09-28,5650,0,5650,117,3015,0,3015,67,1082,0,1082,32,500,0,499,7,2500,2,2495,51,10000,29,9908,172,2143,0,2122,13,78851423.0,4,1.0
2026-09-29,5685,7,5685,79,3046,6,3046,63,1089,1,1089,35,500,0,499,6,2500,5,2495,51,10000,34,9917,131,2145,3,2127,16,NaN,11,1.0
2026-09-30,5675,6,5675,93,3056,1,3056,68,1082,0,1082,36,500,0,499,5,2500,3,2497,63,10001,33,9927,136,2145,1,2132,23,NaN,31,1.0
2026-10-01,5613,1,5613,119,3022,1,3022,89,1064,0,1064,29,500,0,500,4,2500,2,2496,77,10000,40,9931,185,2144,1,2133,48,95388638.0,133,1.0
2026-10-02,5622,1,5622,150,3017,0,3017,112,1045,0,1045,33,500,0,500,4,2500,2,2495,101,10000,20,9934,188,2145,0,2137,69,91002374.0,43,1.0
2026-10-03,5593,6,5593,165,3019,1,3019,120,1030,0,1030,26,500,0,500,5,2500,2,2498,109,10001,35,9943,230,2146,1,2142,72,86155378.0,4,1.0
2026-10-04,5576,3,5576,141,2983,1,2983,69,1019,0,1019,25,500,0,500,5,2500,2,2496,64,10001,38,9946,239,2147,1,2142,22,76103002.0,14,1.0
