episode,n,dstar,dow,r_dstar,share,cur,pair,fz,nF,F_act_over_exp,F_med_ratio,F_ge08,nG,G_act_over_exp,ctrlF_med,ctrl_n,hub_win_over_med
2025-03-04..2025-03-05,2,2025-03-04,Tue,0.0,1.0,true,true,true,1033,0.571,0.517,0.18,32,0.0,0.469,8,0.505
2025-05-03..2025-05-06,4,2025-05-03,Sat,0.12,0.27,true,true,false,289,0.877,0.79,0.49,852,0.957,1.048,7,0.836
2025-07-16..2025-07-19,4,2025-07-16,Wed,0.68,0.42,false,true,true,484,1.217,1.056,0.8,1050,1.213,1.036,5,1.125
2025-07-23..2025-07-24,2,2025-07-23,Wed,0.75,0.49,false,false,true,721,1.951,3.04,0.92,813,1.172,1.291,5,1.154
2025-08-13..2025-08-21,9,2025-08-16,Sat,0.0,1.0,true,true,true,1521,1.117,1.125,0.84,32,0.034,1.127,2,1.017
2025-09-10..2025-09-11,2,2025-09-10,Wed,0.27,0.8,true,true,true,978,1.047,1.082,0.89,333,1.068,1.195,4,0.98
2025-10-01..2025-10-02,2,2025-10-01,Wed,0.67,0.53,false,true,true,612,1.094,1.028,0.76,804,1.059,1.343,5,1.002
2025-10-08..2025-10-09,2,2025-10-08,Wed,0.51,0.71,false,true,true,1123,1.377,1.071,0.76,516,1.105,1.232,4,1.194
2025-10-15..2025-10-16,2,2025-10-15,Wed,0.0,1.0,true,true,true,1599,1.363,1.077,0.75,64,0.113,1.183,5,1.171
2025-11-05..2025-11-06,2,2025-11-05,Wed,0.83,0.4,false,false,true,656,1.192,1.087,0.91,1027,1.117,1.238,4,1.03
2025-11-26..2025-11-27,2,2025-11-26,Wed,0.46,0.75,false,false,true,1254,1.486,1.078,0.93,464,1.164,1.311,5,1.19
2025-12-17..2025-12-19,3,2025-12-17,Wed,0.3,0.75,false,false,true,1274,1.333,1.03,0.93,466,1.168,1.343,6,1.099
2026-01-28..2026-01-29,2,2026-01-28,Wed,0.53,0.49,false,false,true,863,0.618,0.47,0.13,956,0.499,1.456,7,0.506
2026-02-11..2026-02-12,2,2026-02-11,Wed,0.59,0.65,false,true,true,1153,1.092,1.01,0.85,722,1.099,1.29,7,1.027
2026-04-01..2026-04-02,2,2026-04-01,Wed,0.25,0.01,true,true,false,20,0.252,0.37,0.05,2007,0.693,0.946,7,0.624
2026-04-29..2026-04-30,2,2026-04-29,Wed,0.67,0.53,false,true,true,1076,1.682,1.04,0.88,996,1.079,1.11,6,1.12
2026-05-12..2026-05-13,2,2026-05-12,Tue,0.7,0.52,false,false,true,1056,1.189,0.977,0.87,1016,1.053,0.993,7,1.021
2026-06-12..2026-06-14,3,2026-06-12,Fri,2.05,0.0,true,true,false,1,0.003,0.003,0.0,2213,0.9,45.478,7,1.119
2026-06-24..2026-06-25,2,2026-06-25,Thu,0.56,0.03,false,true,false,63,1.306,1.158,0.84,2177,1.103,0.736,5,1.072
2026-07-08..2026-07-09,2,2026-07-08,Wed,1.26,0.61,false,false,true,1349,1.568,1.423,0.92,932,1.543,1.121,3,1.596
2026-07-20..2026-07-23,4,2026-07-20,Mon,0.0,1.0,true,true,true,2236,1.346,1.19,0.9,148,0.009,1.024,2,1.154
2026-07-29..2026-07-30,2,2026-07-29,Wed,0.44,0.77,false,true,true,1745,1.37,1.113,0.88,675,1.117,1.185,2,1.1
2026-08-04..2026-08-06,3,2026-08-05,Wed,0.59,0.71,false,true,true,1622,0.998,0.792,0.48,793,0.774,1.176,2,1.132
2026-08-12..2026-08-15,4,2026-08-12,Wed,0.56,0.78,false,false,true,1791,1.965,1.827,0.98,679,1.629,1.207,1,1.842
2026-08-28..2026-09-04,8,2026-08-28,Fri,0.0,1.0,true,true,true,2415,1.275,1.159,0.92,137,0.054,1.037,3,1.216
2026-09-09..2026-09-10,2,2026-09-09,Wed,0.19,0.87,true,true,true,2131,1.215,1.147,0.91,435,1.105,1.116,5,1.077
